,meanSpeed,sdSpeed,maxAccelX,maxAccelY,maxAccelZ,maxGyroX,maxGyroY,maxGyroZ,minAccelX,minAccelY,minAccelZ,minGyroX,minGyroY,minGyroZ,meanAccelX,meanAccelY,meanAccelZ,meanGyroX,meanGyroY,meanGyroZ,sdAccelX,sdAccelY,sdAccelZ,sdGyroX,sdGyroY,sdGyroZ,pothole
0,0.0,0.0,0.21766662597656197,-0.946929931640625,0.21209716796875,0.0329595479669297,0.048733983735687006,0.107899303145105,0.0113525390625,-0.98004150390625,0.15834045410156197,-0.014854313612135,-0.0873756522044097,-0.00335371876073678,0.06948242187499995,-0.957383728027344,0.1961624145507814,-0.004363376393207623,-0.004649932526500147,0.012761894575270574,0.05573007654920862,0.008746670254265627,0.014409890408871957,0.017400722466365686,0.03312513458342209,0.03391720881049508,False
1,0.0479999989271164,0.10119288286355091,0.0785064697265625,-0.933135986328125,0.271774291992188,-0.0031795480254456,0.00966061685426244,0.00726803293093525,0.058868408203125,-0.9709320068359379,0.14947509765625,-0.0234786944862476,-0.00943265026495165,-0.00976048539514041,0.06686553955078126,-0.9525390625,0.2123001098632813,-0.01414375560169093,-0.0005465072872951596,-0.0017427193541260503,0.006927798129431469,0.0133113463981005,0.04905685946856204,0.00710688513632213,0.005323735787674863,0.005046382461411919,False
2,0.2259999930858613,0.08002777028888344,0.06744384765625,-0.9461822509765621,0.209808349609375,-0.00633379602053545,0.00544163705535891,0.00204450876885383,0.0550079345703125,-0.9678955078125,0.15214538574218803,-0.0190519881223179,-0.00522165994931836,-0.0055401740156918395,0.06222686767578125,-0.9588668823242186,0.18010253906250012,-0.013297296480820151,-0.0008710933609540169,-0.0015199725605518238,0.004531277762890678,0.007015046718954694,0.020926303843311737,0.0036947555170133623,0.004021726212935228,0.0025294318217777122,False
3,0.05699999928474429,0.1802498243677605,0.10113525390625,-0.91070556640625,0.368362426757812,0.00323147966670215,0.00864755037559629,0.00529116845376943,0.06646728515625,-0.9496612548828121,0.19502258300781197,-0.0212160728241162,-0.0148415304389026,-0.00979936754705557,0.0846282958984375,-0.923638916015625,0.3144317626953124,-0.00903384189171228,-0.0018563031746179324,-0.0023267505811804283,0.00886803865665544,0.012039828555212774,0.05229180664399017,0.008126306789827835,0.006321233752540104,0.004978006449854033,False
4,1.288999998569491,0.661688931897676,0.110000610351562,-0.8900909423828121,0.365234375,-0.00538624330468526,0.0597397632565485,0.0158157147656536,0.028350830078125,-0.939727783203125,0.306640625,-0.0269280207301182,-0.00838070163437035,-0.0301610982934744,0.0785491943359375,-0.921405029296875,0.33385009765625,-0.01787726776548391,0.019687791200963388,-0.005778154090701324,0.024362633684623467,0.01705247305009346,0.021517197265313762,0.006549428880991969,0.022648622036566046,0.016374415909004233,False
5,4.352000141143798,1.680699634692184,0.16630554199218803,-0.79962158203125,0.427749633789062,0.0628141164189359,0.0043729105099101105,0.102189752084084,-0.10089111328125,-0.9569854736328121,0.307586669921875,-0.09487884225959901,-0.112752914231775,0.0019358517963786,0.03715820312500005,-0.90087890625,0.3515045166015625,-0.009045160326345133,-0.05716187658457363,0.045902111390551205,0.08510791092425292,0.045010993158915026,0.036605942594217886,0.0412931583478616,0.04312631565658289,0.03525701833063359,False
6,7.833999824523926,1.4721274652878018,0.120223999023438,-0.863433837890625,0.461563110351562,0.112320416870746,-0.00374280659599736,0.25360031375112196,-0.14155578613281197,-0.973876953125,0.271392822265625,-0.0787928166433024,-0.280897182292217,-0.00292947719908716,0.018646240234375104,-0.9272064208984375,0.3336563110351562,0.017025668743709272,-0.06552135282505603,0.050562084034360945,0.06867687387912792,0.0312713172842534,0.054883343339368715,0.047794737186633345,0.08282465469545097,0.07359219061658157,False
7,9.529999923706054,0.6290203256077814,0.123641967773438,-0.869659423828125,0.355087280273438,0.0191686345780633,0.0360876969833367,0.0652932530776907,-0.09063720703125,-0.961700439453125,0.22021484375,-0.0361875655242147,-0.12448999778797198,-0.0586257629725683,0.03093719482421875,-0.9253692626953125,0.2864013671875,-0.002984737791706309,-0.027955068804507273,0.008251431795057912,0.06704402041124544,0.03095840634227863,0.039479727688647305,0.019285105751810264,0.05471285458400176,0.041908846280791244,False
8,11.7229999542236,0.37070677429132176,0.128250122070312,-0.8537445068359379,0.330764770507812,0.0598220549342319,0.0549247680056852,0.0783486013734771,-0.0951690673828125,-1.01036071777344,0.21051025390625,-0.105260110504837,-0.144743071561916,-0.0598612034022561,0.07349090576171866,-0.9297073364257814,0.27835998535156226,-0.00962999050172655,-0.008979220457754766,-0.0015681225130604697,0.06859844390008384,0.05196563268683135,0.04222130872845988,0.05561660167258425,0.07075187278188608,0.0419812573750794,False
9,12.487000370025639,0.1588883763701116,0.299819946289062,-0.9181671142578121,0.324020385742188,0.0201904894883267,0.21542895953090802,0.0333006989025688,-0.0314483642578125,-1.03565979003906,0.160125732421875,-0.10571817421233,-0.0617467214540322,-0.13794402129894298,0.10389251708984375,-0.9670989990234373,0.25803833007812493,-0.04047855719899393,0.04759313878791888,-0.035295832664812544,0.08876902711319684,0.034446216634545494,0.05062619341809387,0.045564520602800994,0.07953886117939479,0.05221547521038259,False
10,12.842999839782726,0.08538164158213894,0.21815490722656197,-0.8758544921875,0.354888916015625,0.0638879029704559,0.27497138255068104,0.0543034525233697,0.08367919921875,-1.01014709472656,0.19476318359375,-0.0847002405733161,0.020367323384708,-0.11886034155965303,0.1483718872070313,-0.9409591674804684,0.24444427490234372,-0.017693136807715816,0.10169562917543118,-0.028804883508351486,0.046017953957532214,0.04711643163440723,0.046162078326269895,0.04744925603226279,0.07588411334713188,0.06012654548579895,False
11,13.300999832153328,0.22213329871060108,0.250396728515625,-0.87274169921875,0.40948486328125,0.0624697696899887,0.175438133653951,0.0902657146193637,0.059051513671875,-1.09590148925781,0.198974609375,-0.0705905468019673,-0.0251767259972821,-0.114484235256435,0.1291229248046874,-0.951528930664062,0.2848114013671873,-0.013960050749697259,0.0257275476055432,0.006934312214737452,0.06391522608043425,0.06349420269769628,0.05776277842206462,0.03877465304572882,0.05966857495644278,0.05872884409545638,False
12,13.804999637603748,0.17958283874965167,0.119430541992188,-0.8892669677734379,0.29791259765625,0.0566398437476962,0.19436841531445198,0.110134494248009,-0.0885467529296875,-0.9768829345703121,0.14091491699218803,-0.0205614678281748,-0.13611496226227698,-0.133352198947429,0.0181411743164063,-0.9257614135742187,0.229425048828125,0.01102343627888867,-0.012621599249045263,0.012406895201963034,0.062840027052684,0.02903549905690613,0.052378109489220656,0.026080572810566527,0.0893916827603142,0.07099892347980363,False
13,13.905999946594221,0.2171633447768622,0.15406799316406197,-0.8927764892578121,0.277877807617188,0.0460404626091809,0.0358671872450782,0.15573766580619902,-0.17314147949218803,-0.99200439453125,0.213531494140625,-0.0468881467841531,-0.22121228015412397,-0.0532168827986174,-0.03884887695312506,-0.9438873291015625,0.2456298828125,-0.013287629206063153,-0.05468646835134494,0.053742271218468196,0.11391450584186161,0.03874172133582201,0.026722153457092276,0.029229094518192736,0.08222493526083924,0.07205432456377205,False
14,13.381000041961642,0.05665701967316158,0.418609619140625,-0.7366790771484379,0.307296752929688,0.0395783022241036,0.0677425623322366,0.175696726595798,-0.327728271484375,-1.00801086425781,0.127777099609375,-0.11564590612392801,-0.222456509015409,-0.14956259418663198,-0.01781005859374995,-0.9031982421874997,0.2423522949218752,-0.010946630713050801,-0.0321625437475016,-0.019114306091825663,0.21455157283246654,0.0920346190672097,0.058614361104876854,0.04908499716246635,0.09082749108159931,0.08949818248451077,False
15,13.25399971008299,0.09359467710521409,0.18275451660156197,-0.9088134765625,0.268280029296875,0.0599573435176079,0.0811840689860845,0.0725349207138342,-0.0127716064453125,-0.9852294921875,0.14158630371093803,-0.0546371466079566,-0.0689433816677533,-0.0871322392807765,0.07159576416015614,-0.9509033203125,0.2272628784179688,-0.016115560072785598,0.004464390093354332,-0.010518793883929558,0.0678357534123862,0.02664326356559903,0.045554966712401036,0.03238633952129801,0.05239030215267604,0.04825772126352938,False
16,12.427000331878672,0.615396097454625,0.18896484375,-0.9275360107421879,0.217071533203125,0.0866882903270603,0.11721504063820301,0.0725668786469151,0.0045013427734375,-1.06562805175781,0.119796752929688,-0.0483177316573076,-0.0941595224491686,-0.0473821631663628,0.0802505493164063,-0.994409179687499,0.15748138427734387,-0.0012041749184902278,0.0016026903440097267,-0.00449456370850493,0.057482687728572866,0.05120873818070528,0.02653680904770922,0.038286368254197393,0.05578449471704124,0.039391735760033034,False
17,10.112000083923343,0.9944043572594125,0.15122985839843803,-0.8931121826171879,0.1888427734375,0.0612929188042827,0.0857631081643667,0.0504349447239206,-0.0754852294921875,-1.03105163574219,0.0095672607421875,-0.0767845268652736,-0.0490477041120983,-0.0351872822187809,0.05543823242187505,-0.9858749389648432,0.09684295654296866,-0.004047099382149802,-0.006887200895053921,0.0040279512539121405,0.06655642484534852,0.04075726881825963,0.05234141188886722,0.04467036514482599,0.039720509100757515,0.023900673726306797,False
18,6.623000073432924,1.3641933835061684,0.0850067138671875,-0.965057373046875,0.111373901367188,0.0060967746835184,0.00974290853194588,0.0160804329780074,-0.0016326904296875,-1.0423583984375,-0.0129241943359375,-0.0487126784469664,-0.0414310633944717,-0.0186306760378673,0.0508026123046875,-0.9962158203125009,0.04971313476562505,-0.014583763076993814,-0.004373203457630019,-0.002803562942748213,0.02552697077897602,0.022675108186347576,0.03646956778753208,0.01707762176122569,0.015105159610517331,0.011890031059718165,False
19,2.983000087738035,0.7827593802067997,0.11846923828125,-0.87030029296875,0.3802490234375,0.0044599958775557,0.0480785797914185,-4.02137324601965e-05,0.03436279296875,-1.00704956054688,0.0921783447265625,-0.0415631561845396,-0.0318338297741532,-0.0151022539096213,0.0852508544921875,-0.940591430664063,0.25099334716796873,-0.016490506522657843,0.00585043228268607,-0.005728246451873231,0.027524486100504432,0.0403578437285458,0.1182930626756769,0.014027811028503322,0.02347970071541802,0.004887215994179692,False
20,3.1330000162124643,0.929229639855384,0.244049072265625,-0.8240509033203121,0.464141845703125,0.0465243589792483,0.141724911098529,0.11169750349177601,0.0281829833984375,-0.9600830078125,0.373748779296875,-0.0578811431317822,-0.13430587693378598,-0.0956495610790679,0.11241302490234366,-0.8992233276367188,0.413226318359375,-0.004316211810302317,0.01236646841661573,-0.004660824855358604,0.06868584891723173,0.044213102047255884,0.03130488642055079,0.0347876825678415,0.08946385254551172,0.06329581776292782,False
21,5.808000040054322,0.7199352407354527,0.227081298828125,-0.8641815185546879,0.450576782226562,0.18544868987545002,0.11416412329340801,0.0867657883147816,-0.11126708984375,-0.99163818359375,0.25994873046875,-0.10219640998681,-0.13522360224542698,-0.049640257454641,0.0781570434570312,-0.9324371337890625,0.3983764648437501,0.0217923276207876,-0.0033315079972454933,0.00876142714380808,0.09918339666876809,0.036310397315322464,0.059054339744021765,0.0817265963445843,0.0841153955125801,0.05467902644193167,False
22,7.967999839782711,0.8062230882935696,0.115432739257812,-0.8001861572265621,0.469345092773438,0.0489198723797745,0.0630111903396018,0.067251475427226,-0.140869140625,-0.964691162109375,0.3123779296875,-0.101124221331944,-0.0966799381048196,-0.0343758170346338,-0.0061111450195313,-0.8949844360351562,0.37666168212890627,-0.01821972365005723,-0.027536739460477622,0.008947342419506513,0.07582374511715129,0.04434029308146097,0.04300852428436863,0.04558465133930967,0.046339390667430404,0.03443072607344206,False
23,11.020999908447251,0.8701778691020976,0.12542724609375,-0.90264892578125,0.308975219726562,0.0202184526797726,0.119398033783741,0.027794080716612005,0.025360107421875,-1.00177001953125,0.185394287109375,-0.0537732171503349,-0.0496431869318401,-0.0945704482053678,0.07683715820312495,-0.9479476928710937,0.24061584472656233,-0.021382680181911605,0.018216181645807426,-0.03822315270341677,0.0408549106891,0.03797744587867669,0.0433952854895353,0.027438034621488687,0.051739631475756574,0.043070236426091625,False
24,11.209999942779515,0.6202151237734459,0.19889831542968803,-0.9373931884765621,0.199859619140625,0.0276332257867712,0.16053055682001402,0.0713032087096725,-0.048828125,-1.00735473632812,0.0245819091796875,-0.153266518630714,-0.0669292329353264,-0.15125343516272302,0.0614013671875,-0.966329956054687,0.11933593749999975,-0.02074677057682247,0.005452556015828192,-0.006197282383057971,0.0799926874497197,0.022674784396106665,0.04718924190328584,0.05124404336851055,0.06582299039938135,0.060545385289475395,False
25,8.017000007629393,1.6118591944124387,0.0630340576171875,-0.9478302001953121,0.22142028808593803,0.00887205485548997,0.0158953432822469,0.0609757363184542,-0.0477294921875,-1.0316162109375,-7.62939453125e-05,-0.0531966427743328,-0.0882622185312971,-0.0170096098823361,0.03758544921875,-1.003329467773438,0.0502410888671876,-0.019996478202914458,-0.011781158872238037,0.015072533031856053,0.03162091701705058,0.02719405596863799,0.06861895828235651,0.02003579321115509,0.030304804277552614,0.02533316885169797,False
26,4.332000041007992,0.5619174436899326,0.16310119628906197,-0.8650665283203121,0.5374755859375,0.0821191048448113,0.0222741467252047,0.0864219742180524,-0.0234222412109375,-0.9640960693359379,0.22663879394531197,-0.0694951886456177,-0.11008336155507902,-0.0635305067521672,0.04681854248046865,-0.9173629760742189,0.3826339721679688,-0.00720558180337289,-0.02441748540211138,0.00734611681409639,0.05930562531320856,0.03306083174462898,0.09865555276845635,0.041023452386983725,0.046511233233016334,0.042419319245560465,False
27,6.09400005340576,1.0853078847427649,0.366500854492188,-0.66595458984375,0.43157958984375,0.108700382001001,0.20457098545054603,0.0631137220415699,0.048614501953125,-0.9517669677734379,0.273086547851562,-0.20859502185765502,-0.0383524491743401,-0.191959053476257,0.14166412353515634,-0.8757553100585938,0.3802261352539062,-0.049409814125516406,0.048606018845308685,-0.05127647699677466,0.09814818626132951,0.0887580235013785,0.04822381822706166,0.08303824672018148,0.07225059190962489,0.08207765102492572,False
28,9.483999824523924,1.247853499869719,0.24446105957031197,-0.8402252197265621,0.476852416992188,0.0922617538563781,0.1340845682472,0.0978091184070132,-0.093994140625,-0.9769744873046879,0.36004638671875,-0.19821268834798197,-0.20269505477869396,-0.0603251260641479,0.0700576782226561,-0.9213607788085938,0.4162902832031251,-0.02341840051916822,-0.007290723063422799,0.018544416250159672,0.10415707013757981,0.04935136037351234,0.04409126252312586,0.07691240319940496,0.10424474651497774,0.060573763085418446,False
29,12.014000129699692,0.7455972846920985,0.065460205078125,-0.8704376220703121,0.39495849609375,0.0552616578835802,0.0477470162357036,0.0881506320816228,-0.10882568359375,-1.03562927246094,0.31671142578125,-0.0680363090004723,-0.166003885492345,-0.04013064183418601,-0.022064208984375,-0.9234329223632812,0.36227722167968757,-0.005092017267453319,-0.025706375474876985,0.015580930483952194,0.06428512519701285,0.04600722441360745,0.03001925516784077,0.04525989352059628,0.07733983585550464,0.04296796070452197,False
30,13.724999809265109,0.33170451461081546,0.0588226318359375,-0.8673248291015621,0.323684692382812,0.0589293633368373,0.0800277244407721,0.0772561726943266,-0.144775390625,-0.9854888916015621,0.200439453125,-0.0718664672802243,-0.163351110730517,-0.0834123358701538,-0.00454254150390625,-0.9234436035156248,0.27812347412109373,-0.010610939257646312,-0.018758401243747502,0.0024986842611559425,0.06407713156419584,0.03486408718897933,0.03677025648445568,0.04775741992457793,0.07478777632040871,0.05481141515742497,False
31,14.32500019073484,0.059860886260976624,0.232757568359375,-0.83160400390625,0.327789306640625,0.0405892381738977,0.0705774973126259,0.0817531865110344,-0.0681610107421875,-1.00666809082031,0.1697998046875,-0.0867415535488619,-0.118323714600003,-0.0831609334632503,0.06131896972656255,-0.9267791748046872,0.2311218261718749,-0.032388992334991096,0.009887837758467943,-0.01677682297145228,0.09276127769019558,0.05024038176568104,0.046726942130001926,0.044989630069424504,0.056467219666771366,0.04670742671635759,False
32,14.43300018310548,0.14591076807429565,0.11663818359375,-0.86517333984375,0.340652465820312,0.0859713673616109,0.0826163170203291,0.200513393213701,-0.06951904296875,-1.00532531738281,0.21766662597656197,-0.11046392727485199,-0.0973254883530548,-0.0544712316720447,0.0331939697265625,-0.9342666625976559,0.256329345703125,-0.0192265583317726,0.008529865287025689,0.008843958505989648,0.05673603958776202,0.048386011463257085,0.038612693130815764,0.05168346714563983,0.05345036713602602,0.07358099926253345,False
33,14.954999923706069,0.1446259308872253,0.109786987304688,-0.8531646728515621,0.2708740234375,0.006803311320716421,0.073504045034514,0.0531226068960286,-0.043701171875,-0.9932708740234379,0.17962646484375,-0.077605046797127,-0.0753083366730427,-0.082478098959754,0.01303710937500005,-0.9253784179687499,0.2283920288085938,-0.02357579333959185,-0.0061238856634154085,-0.00811555731624207,0.05229944117980529,0.04151307185574554,0.03699015996981999,0.027034371193158404,0.04815289104403728,0.04562243700294829,False
34,14.709999752044713,0.3339991938010284,0.116012573242188,-0.91217041015625,0.1925048828125,0.03949041790813101,0.10748677949225201,0.0551756377803707,-0.075469970703125,-1.04248046875,0.109359741210938,-0.0707431459324288,-0.0513084615614666,-0.0515492113240098,0.03585205078125005,-0.969244384765625,0.14534149169921878,-0.00803419774494015,0.01951684289059117,-0.0091954425066583,0.05345542812007123,0.04067601926533618,0.02263376694559151,0.03373247841239951,0.05110783646765253,0.03597391311026489,False
35,12.938999938964841,0.9899548190904334,0.1531982421875,-0.928924560546875,0.09814453125,0.0518418927278095,0.0532597596921677,0.123412482810926,-0.07550048828125,-1.06890869140625,-0.0374908447265625,-0.0744087208568139,-0.10349816312764,-0.0447576179120897,0.0260009765625,-1.0039916992187499,0.0332183837890625,-0.01181490112324933,-0.010239694601689223,0.0095013864526866,0.07060515976881157,0.043401197219255894,0.04662631713421085,0.04208441239740881,0.042559304993996266,0.04768440874805028,False
36,9.230000066757205,1.5994788582778112,0.062835693359375,-0.9715118408203121,0.0109710693359375,0.0253125472128761,0.0852496507061995,0.0299232780081303,-0.132156372070312,-1.03651428222656,-0.0964813232421875,-0.0259849953881211,-0.0903072599323689,-0.0399194531597427,0.01947631835937505,-1.0058135986328112,-0.0322052001953125,-0.011176940884120851,-0.0018409633667390707,0.006394223145669359,0.05643965989085551,0.021443005671109412,0.02773942020954182,0.01480033947049972,0.05281852576027278,0.025735416083604214,False
37,4.425000131130216,1.346198433492842,0.0348358154296875,-0.97491455078125,0.01910400390625,-0.0062379222212926,0.0330951028664147,0.043559728053772,-0.0195159912109375,-1.03836059570312,-0.0294647216796875,-0.0325978906908969,-0.023258184747988995,-0.0312489995987718,0.01385498046875,-1.016061401367187,-0.00627288818359375,-0.019138674015799946,0.003847495458448385,-9.925601382726385e-05,0.016769084439398552,0.017972762470703434,0.014230406726478954,0.00745317964795671,0.01724021739238106,0.02080723386595795,False
38,0.7119999796152103,0.8419659263422119,0.048797607421875,-0.940185546875,0.23760986328125,-0.0035750274473223703,-0.0010093380531400302,0.0149507200435958,0.013153076171875,-1.0064697265625,0.0720367431640625,-0.01912389347175,-0.0233761627842795,-0.00551620556588113,0.038507080078125,-0.966851806640625,0.17773132324218746,-0.012303537920057069,-0.006621310891820403,0.0005308479000854898,0.010759208180199216,0.017494874602917387,0.048756728320170376,0.004092704110924912,0.0061384230895622305,0.00562310505374693,False
39,0.33899999856948854,0.06573516307306333,0.06890869140625,-0.957794189453125,0.20832824707031197,-0.00440540107520908,-0.0020516993037970398,0.0144095657100917,0.0326385498046875,-0.999359130859375,0.19160461425781197,-0.0590209760783361,-0.0336527687986773,-0.00764007653521932,0.04331817626953125,-0.9659286499023437,0.19741821289062492,-0.01774232539304959,-0.007543270629594942,0.000584164385108878,0.009909307802195297,0.012800976076972576,0.005219115580433514,0.014937583116708097,0.0095565176950112,0.005685085125005334,False
40,0.0759999990463256,0.09811557687273285,0.0617523193359375,-0.9443206787109379,0.225341796875,-0.0102105596193638,0.0192099135749596,0.0009291769043286461,0.0395965576171875,-0.9647369384765621,0.19264221191406197,-0.0160042665708312,-0.00736976568457628,-0.0214783941914891,0.04355316162109375,-0.9607391357421875,0.1984237670898436,-0.0136149849672557,-0.002783908813903427,-0.002691124281525076,0.00652129159081151,0.005883291671081115,0.00962785779275681,0.0017501684768600988,0.007856909073500494,0.00665991341713252,False
41,0.20100000649690636,0.17891339389247535,0.05352783203125,-0.9345703125,0.271270751953125,-0.00207220564419066,0.00430100516047797,0.0052181978399012605,0.027374267578125,-0.97601318359375,0.14537048339843803,-0.0192171041099028,-0.006277603321534779,-0.00861559244251534,0.0430145263671875,-0.9573165893554687,0.2067352294921876,-0.013219052807993622,-0.0015095596006896156,0.00018841864712310641,0.008580367428492249,0.015065964480112394,0.05359978599605578,0.005875798277165472,0.0031359365801400963,0.004172353722198597,False
42,0.6900000095367431,0.7456540884018023,0.2462158203125,-0.892333984375,0.381134033203125,0.0543287525537255,0.37724981789906503,-0.00759853122221408,0.0644683837890625,-0.996673583984375,0.27972412109375,-0.0410169418449644,0.0064563014306791,-0.119860092232869,0.15498046875000004,-0.9216705322265624,0.3385894775390626,0.0019124426103968091,0.18187331621718555,-0.06346302225014458,0.06598250122713425,0.02968164272556155,0.03452978053953164,0.030840381413909827,0.1430874694296446,0.045349436017380895,False
43,3.5509999513626105,0.8573401375350312,0.445770263671875,-0.769287109375,0.460556030273438,0.0219558989749403,0.6049042847300911,-0.0447040883741791,0.103286743164062,-0.96148681640625,0.267822265625,-0.12489320037700999,0.37577016559741705,-0.304497050608063,0.25960235595703146,-0.867559814453125,0.3551788330078126,-0.05304926343960781,0.4749509717554868,-0.1589287719507752,0.09829301421221318,0.06468545146054233,0.047728480235909344,0.04793377000006931,0.06431607265920117,0.0685878676786991,False
44,6.723000049591063,1.0223943401857647,0.3172607421875,-0.671051025390625,0.488006591796875,0.0313115838843886,0.348160908260457,0.127184051546696,-0.0370025634765625,-0.9756317138671879,0.21647644042968803,-0.277418827592464,0.00619904006937744,-0.17915404232293802,0.15744628906250005,-0.8886016845703125,0.3442077636718751,-0.06673703259945539,0.22230883673296392,-0.10627906256951207,0.123839705166756,0.09804357177578851,0.08513214502186407,0.09006385961022233,0.1178700036948836,0.0995254078966162,False
45,8.752000045776366,0.2695180610199212,0.254409790039062,-0.8463592529296879,0.312911987304688,0.087921067595658,0.0845247382574799,0.165576181821278,-0.0210113525390625,-1.02336120605469,0.16241455078125,-0.108844192699865,-0.18563244799066503,-0.0758215278151009,0.0661422729492187,-0.9288665771484379,0.22874603271484378,-0.013863591055014534,-0.010332452502456716,0.011293214497313676,0.07767932418891751,0.05955535139710549,0.045835404056901445,0.06456257443794833,0.07645342148956186,0.0727216931226488,False
46,8.358000326156617,0.4115770084080483,0.16845703125,-0.887939453125,0.22343444824218803,0.0839415059787526,0.18536959399107397,0.118252075566679,-0.20530700683593803,-1.04747009277344,-0.302703857421875,-0.0651491760627174,-0.223610723031849,-0.17021940318183199,0.04452209472656245,-0.9713973999023432,0.1094696044921875,0.02184404620915694,0.01878737643640765,-0.029465587143189358,0.1120602342466872,0.054310576969773455,0.15428897878371467,0.05366606173390668,0.11582554052314972,0.08464788950933451,False
47,6.216999959945676,1.0720908912029565,0.278366088867188,-0.8981475830078121,0.12384033203125,0.0409618144103998,0.141900946046583,0.0761192692249718,-0.0870513916015625,-1.06632995605469,-0.04779052734375,-0.10547316339204302,-0.0841492325437787,-0.09595449302388198,0.07033691406250005,-0.9833557128906245,0.0724395751953125,-0.014120026836378294,0.028172249591403214,-0.011092651835619836,0.10204089627412243,0.05536389088190163,0.058584960172241705,0.04728868199142205,0.07910860146641457,0.05943962236187998,False
48,3.132999914884567,1.0451374078915974,0.0470428466796875,-0.9683074951171879,0.13519287109375,0.0021374530908976,0.0235918788325759,0.0318157202787406,0.008209228515625,-1.03561401367188,-0.0117340087890625,-0.0460844047671672,-0.0124625286371348,-0.011024954280709999,0.0323455810546875,-1.0018280029296887,0.0632186889648438,-0.016242646120004176,0.0010637464342103465,0.004628920185499419,0.011647290889241796,0.023409625758908065,0.05363956991319311,0.014090866053529267,0.010092378855997296,0.011788545807195315,False
49,0.39899999052286145,0.26768346780191493,0.055755615234375,-0.943267822265625,0.27276611328125,0.00297714778259958,0.00221628265916394,0.0192309525475712,0.028411865234375,-0.986785888671875,0.116378784179688,-0.0159416822852143,-0.0297570967561094,-0.00544216968757692,0.04564208984375,-0.9599822998046875,0.2040771484375,-0.010287205395536278,-0.005570534052118744,0.001614994148245849,0.008564565573978345,0.016329352491398233,0.05152278556375926,0.005927440068095441,0.009059770307484725,0.007793867507527434,False
50,0.15999999940395332,0.059628480288527984,0.0579376220703125,-0.9482269287109379,0.23481750488281197,-0.0106726180684925,0.00222959846461434,0.00200349608806661,0.045745849609375,-0.95855712890625,0.224029541015625,-0.0158671137746921,-0.00735538461468985,-0.00656549103537235,0.04996795654296875,-0.9536590576171875,0.23053436279296863,-0.013018090672136213,-0.004276637236503745,-0.00044211137256405493,0.003771202848329025,0.002785600964087177,0.0028569231964914272,0.0015469168665007307,0.0025333720374689206,0.0024259253701663154,False
51,0.0,0.0,0.0518646240234375,-0.951385498046875,0.23625183105468803,-0.0128087395788451,-0.0031076426760134604,0.0009456885030871369,0.0475311279296875,-0.9548797607421879,0.22871398925781197,-0.0138961082519245,-0.00842650800511972,-0.00117578562126998,0.04962310791015625,-0.9532577514648437,0.23179321289062496,-0.01335029338651271,-0.004806233450876902,0.00019558255045541966,0.0014129094881671096,0.0012054776000678187,0.0021724095651026974,0.0005610788961090694,0.0014365420201559959,0.0007161247841246144,False
52,0.11100000292062742,0.09596874701755508,0.052215576171875,-0.951507568359375,0.23480224609375,-0.0117373498723062,-0.0041574607777227,0.0009456885030871369,0.048095703125,-0.955108642578125,0.22889709472656197,-0.0149528505724679,-0.00629198439142121,-0.00120827618656895,0.0500030517578125,-0.9531692504882813,0.23144531249999986,-0.013557380792877268,-0.004804955133553664,-0.0002330265953819336,0.0012816777290694417,0.0012371115446363585,0.0019252698114732457,0.0010128867751977703,0.0007439883692423653,0.0007837209552555577,False
53,0.0839999973773956,0.10844353030803994,0.05316162109375,-0.9508514404296879,0.23585510253906197,-0.0128153974815703,-0.00309379423834505,0.000943025341997058,0.0466156005859375,-0.95587158203125,0.228515625,-0.0149541821530129,-0.006285060172587,-0.00226342061045834,0.05012969970703125,-0.9535247802734375,0.2317855834960938,-0.01419528776878396,-0.004481674008828944,-0.00013377058155467965,0.002065724847023244,0.0016362722369952845,0.0022991602337333857,0.0007178567851900438,0.001126005429329045,0.001006407593630156,False
54,0.0,0.0,0.0540924072265625,-0.951202392578125,0.23606872558593803,-0.0106952549377582,-0.00308713633561985,0.000959270624646542,0.04766845703125,-0.957305908203125,0.226898193359375,-0.0170676667940998,-0.006312757047923829,-0.000164050723148881,0.05031890869140625,-0.9546646118164063,0.232310485839844,-0.013774721369438659,-0.0048034903949541186,8.460862783181766e-05,0.0018597654875163433,0.0018231177502942397,0.002427933393480885,0.0019658437216450416,0.0010366930199836994,0.0004557338482223318,False
55,0.0,0.0,0.0530242919921875,-0.951507568359375,0.239532470703125,-0.0117506656777566,-0.00310098477328826,0.000953944302466383,0.0464019775390625,-0.9583282470703121,0.22679138183593803,-0.0170610088913746,-0.00522831785204356,-0.00227433957092767,0.0498779296875,-0.9536178588867188,0.2330123901367188,-0.014087349849803041,-0.004482393062323266,-0.00023928502394361938,0.0025305863263902877,0.002091326999259076,0.003141993850760512,0.0013995841953948678,0.0008706623245474033,0.0010661358376637365,False
56,0.0200000002980232,0.06324555414579969,0.0649871826171875,-0.9274139404296879,0.279693603515625,-0.000944889554760114,0.00425999247969075,0.00302055730836787,0.0382537841796875,-0.9873046875,0.121917724609375,-0.0298511063425892,-0.007382815173917659,-0.00641795191098196,0.05090789794921875,-0.9511932373046873,0.2336364746093751,-0.014294304098113105,-0.003098161822532781,7.488808985302757e-05,0.0071833451284904915,0.01653966428312295,0.044630454825132636,0.007234958820432389,0.0034604347263883432,0.0028039568189821866,False
57,0.0800000011920928,0.10327955743784963,0.084991455078125,-0.9365997314453121,0.24421691894531197,-0.00957725991214296,0.00857537871005515,0.00733088353266112,0.0417022705078125,-0.9712982177734379,0.205352783203125,-0.0204402939985762,-0.0200770388258894,-0.0129232555057185,0.05593719482421875,-0.9543075561523438,0.22676086425781236,-0.01324808126387549,-0.005764279021422011,-1.4141385388318069e-05,0.012914280126972216,0.010248349843943846,0.011559638042917007,0.0032556167481503943,0.007220030347533966,0.005652309059086629,False
58,0.17000000476837202,0.5375872173075408,0.0930328369140625,-0.8612213134765621,0.467575073242188,0.005173190417478921,0.0138239365863833,0.0179768699902529,0.049346923828125,-0.955108642578125,0.20799255371093803,-0.0206626679495978,-0.0243282428739828,-0.0235399471913194,0.066912841796875,-0.9108871459960938,0.3738296508789064,-0.00669982088075594,-0.0024032898309093065,-0.001981578272295257,0.014466928643426986,0.029488697127914104,0.09017174996515247,0.00861292120114685,0.011882159602957854,0.01172020049477267,False
59,3.016000008583072,1.3314169198900838,0.163299560546875,-0.861236572265625,0.495742797851562,0.065537997581869,0.0415311982514587,0.0787352923637566,-0.053131103515625,-0.93377685546875,0.35614013671875,-0.0401333049952761,-0.0954610092738903,-0.0501348064690687,0.0573883056640625,-0.8900100708007812,0.44998474121093734,0.00235729703888363,-0.017351905977243974,0.012756861200810357,0.0671196045435461,0.023391534016954853,0.04276882535782946,0.032862846520779546,0.04323153202245916,0.046240196838247954,False
60,6.8599999904632565,1.0124229386128398,0.23674011230468803,-0.85845947265625,0.439132690429688,0.111150490203874,0.11324266955624002,0.12700109237980803,-0.0709381103515625,-1.05607604980469,0.286727905273438,-0.0762486988539497,-0.10268296951796699,-0.0728427821358473,0.07509918212890634,-0.9318984985351559,0.3659271240234377,0.007815738640720948,-0.01589715423178823,0.019312898014312956,0.08911129388271484,0.06701537339398156,0.052892183512206974,0.059601215883625595,0.08376651658361066,0.06844162706202132,False
61,9.607999897003173,0.7463507144342825,0.31915283203125,-0.657470703125,0.6968536376953121,0.130491697620575,0.321071766284389,0.149746618617956,-0.7182464599609379,-1.3377685546875,0.1109619140625,-0.163518357246974,-0.285907387250983,-0.303331917631153,-0.03353729248046864,-1.018701171875,0.3727676391601563,0.028658889017393423,0.05490892219719916,-0.03300753812977296,0.31899662891827735,0.23135272097407839,0.1523701298271124,0.09152026644590289,0.21030936718048066,0.16611054702688197,True
62,11.501999759674089,0.5442591529131335,0.420166015625,-0.8198394775390621,0.654144287109375,0.0927733471017823,0.625359226114663,0.13028130789445802,-0.374649047851562,-1.28535461425781,0.191070556640625,-0.4907811741174699,-0.175496190565715,-0.6783534686461489,0.0233352661132813,-0.962501525878906,0.3212036132812501,-0.056368787211947935,0.03673702892031992,-0.05504884468087199,0.19452425724277506,0.13403026221090156,0.1228299154456355,0.1610075925590546,0.22835272060871323,0.22727000848263296,True
63,12.922000312805158,0.33232496695294444,0.396453857421875,-0.73895263671875,0.40283203125,0.298368850623682,0.15792811580278898,0.30970672633247603,0.0084991455078125,-1.19117736816406,0.18157958984375,-0.483358145211093,-0.312201309325553,-0.0406249245325047,0.12346954345703129,-0.9777511596679689,0.2872940063476561,0.004325559505728482,-0.05437850040288818,0.0353696821218405,0.12858167479968116,0.1313121296277488,0.07690265843834336,0.22786590331047596,0.14010191575861192,0.099279704556217,False
64,13.784999656677249,0.2625199398158002,0.306503295898438,-0.7190704345703121,0.615524291992188,0.244703225181386,0.21582736842998396,0.0251839165322253,-0.114730834960938,-1.25689697265625,0.114852905273438,-0.128759311331478,-0.0281845001324176,-0.17910530647498998,0.05806884765624996,-0.9937133789062502,0.2783355712890624,0.05123064399441453,0.06412119588194684,-0.04314249060578938,0.12431604185214956,0.1592947903567344,0.14291837072578747,0.11804042433838136,0.07352241903311453,0.06628203318807668,False
65,13.751999759674058,0.22473666886576998,0.15728759765625,-0.730255126953125,0.339736938476562,0.38679165776871005,0.20531027896915197,0.32283877366765695,-0.1331787109375,-1.07302856445312,-0.01654052734375,-0.258647270332932,-0.27514901539539,-0.131727138050262,0.0404922485351562,-0.9572311401367184,0.17245178222656254,-0.007489288354299137,-0.0279241495042514,0.018334266208541616,0.08421936263387174,0.11248825878309687,0.10923998329180555,0.18281853469819934,0.13277791268957975,0.12688840294154805,True
66,13.099000167846683,0.19151160897050037,0.17662048339843803,-0.799072265625,0.2384033203125,0.131364948142012,0.243606535444491,0.0496269416491906,-0.093902587890625,-1.15568542480469,0.07275390625,-0.0910215197367282,-0.12705941560768,-0.14249456465356197,0.05366363525390625,-0.9810119628906253,0.16080169677734363,0.003598702949413219,0.02582001255859074,-0.030843373533141823,0.08135950729611485,0.09822745091523269,0.05026370344652422,0.0693485074339503,0.11909975397137569,0.06085094982327035,False
67,12.188999748230009,0.5651047644696292,0.185455322265625,-0.65087890625,0.24143981933593803,0.0691950503907658,0.25510926082476104,0.0555796393177357,-0.23722839355468803,-1.2363586425781201,-0.022216796875,-0.0736289472896387,-0.0601565479671459,-0.101685882005841,0.0031188964843748947,-0.9982070922851578,0.0849273681640625,0.01870330044079378,0.047316090139717826,-0.025626374115731043,0.13067757300337987,0.16461315668390478,0.07948682959899461,0.0440656880425453,0.11094422918658405,0.055998347435819544,False
68,9.577999830245961,1.338006598478036,0.411849975585938,-0.75604248046875,0.168731689453125,0.10828519518705802,0.31565356504662295,0.14463095248002303,0.0201873779296875,-1.18937683105469,-0.0762176513671875,-0.0989630661073445,-0.132101045867309,-0.135831601922292,0.22953186035156245,-1.022909545898438,0.07042541503906263,0.0009743707480273055,0.11210680471971066,-0.01765862223998844,0.10953967346402729,0.12089528574590365,0.09637379049104167,0.06392063668656767,0.15727166807252016,0.09927562249191181,False
69,6.93100004196167,0.12810145404597653,0.572113037109375,-0.8386993408203121,0.262344360351562,0.0338626258925755,0.575742937109832,0.0180405195403058,0.09686279296875,-1.05772399902344,0.1292724609375,-0.142892707236529,0.276335986293238,-0.24507100772792603,0.2580459594726562,-0.9273086547851564,0.2063186645507813,-0.04617375382173937,0.3517385189740368,-0.09083581751391696,0.1359811586382486,0.0664841436026779,0.044227365496040234,0.05562682126633232,0.0888852992555542,0.07009978191461855,False
70,6.642000007629396,0.19019285749505294,0.384475708007812,-0.8246612548828121,0.416305541992188,0.12298424650764099,0.45001962942104495,0.0641970959730141,-0.065216064453125,-1.00604248046875,0.133865356445312,-0.179006236882439,-0.0461826754113911,-0.213038239820344,0.18061676025390622,-0.9257171630859375,0.2970870971679687,-0.05445799576142705,0.22031993476767098,-0.07096314967008034,0.14207512575204873,0.05785482006072634,0.08948155647535301,0.08688354715735022,0.17618925482389,0.0843109220598393,False
71,8.072000217437745,0.8623072599488687,0.208770751953125,-0.8456573486328121,0.40447998046875,0.103772468719919,0.149977248368357,0.0792133297794259,-0.108917236328125,-0.9811248779296879,0.22294616699218803,-0.0519340381015262,-0.133995352350683,-0.16568084405211903,0.05759124755859375,-0.9056549072265627,0.338519287109375,0.016971286994249896,-0.02904281032013923,0.004620185017123913,0.08522025693933127,0.04941725569800062,0.053597110875999734,0.04934165086741271,0.08434596432565095,0.07141193205434376,False
72,10.072000312805178,0.5864922368803613,0.133392333984375,-0.827178955078125,0.418426513671875,0.0787997408621366,0.19200006615704504,-0.0126798425820853,-0.04852294921875,-1.02655029296875,0.278518676757812,-0.140788277343148,-0.13099423611827302,-0.127634392087029,0.0236602783203125,-0.9648345947265625,0.3266296386718749,-0.023245854312141937,-0.0034728419562959495,-0.04618286183266745,0.06244027376796904,0.05573739098087207,0.049240560194317315,0.06546478285730203,0.10791479552171993,0.03517786548341149,False
73,11.77499971389769,0.6354569821101799,0.552108764648438,-0.7353668212890621,0.5048828125,0.664053092540751,0.200884371553549,0.5188905731071479,-0.681182861328125,-1.08480834960938,0.212188720703125,-0.16239317168641598,-0.5421460946940471,-0.289823033001726,0.017285156250000107,-0.9117599487304681,0.3291748046875,0.08822583975080667,-0.1600026117655171,0.14184320871415018,0.3440100626392599,0.12703433301532316,0.0902955121175327,0.22910653991249108,0.29676436706698484,0.24597983620479363,True
74,13.412000083923322,0.14061773551365575,0.3135986328125,-0.6985321044921879,0.2454833984375,0.159059160317746,0.19106689451108103,0.203881226728215,-0.132354736328125,-1.07177734375,0.121978759765625,-0.180068039209054,-0.286078628509075,-0.20701257153792998,0.07367095947265631,-0.9187545776367182,0.20149383544921856,0.0002087918294623223,-0.010203954979860447,0.05675105735481789,0.13157126708494796,0.10084804014953846,0.04810894809568903,0.10894793364402541,0.15660860531466073,0.13386409505841218,False
75,13.686999988555911,0.3349976437741603,0.67034912109375,-0.7319183349609379,0.624664306640625,0.6866204533019731,0.6902575324026939,0.17336246590034302,-0.841278076171875,-1.08976745605469,0.260665893554688,-0.165490694350287,-0.232902758391245,-0.678389155004756,-0.03836212158203125,-0.8938919067382816,0.4112518310546875,0.04387872148914172,0.033955570214619236,-0.06702310936375167,0.3664967170987658,0.10705465720822219,0.09475873283982902,0.25650791538030293,0.2919712529756354,0.24262173726632555,True
76,15.427000331878682,0.7250447548860619,0.864776611328125,-0.592529296875,0.468582153320312,0.328928357816232,0.386001231557175,0.547641527603425,-0.7893829345703121,-1.2871398925781201,-0.061859130859375,-0.318041621596097,-0.602771625329156,-0.4371352560672411,0.20530700683593744,-0.9604751586914061,0.2863082885742187,-0.024587980975098334,-0.037173760707482115,0.017649966966445673,0.43128604281184624,0.18830233374551483,0.1619944647524377,0.18148819117569298,0.2984256896182852,0.2925179090522039,True
77,16.7980001449585,0.1394275821322828,0.578216552734375,-0.469085693359375,0.685028076171875,0.27235748994076897,0.792849155495272,0.25370737282694394,-0.49957275390625,-1.81719970703125,0.003082275390625,-0.558430259495445,-0.138950696190993,-0.39160052774906606,0.01595458984374985,-1.045060729980468,0.24954833984375005,-0.0581144094116622,0.23373821865681346,-0.1230664582904919,0.30480300203001554,0.361255067983804,0.23157581118948958,0.25559245339498754,0.28634080180388816,0.18248687101301803,True
78,15.110000324249281,1.6310870474813923,0.174224853515625,-0.9388580322265621,0.118270874023438,0.189074583699593,0.0537247476184955,0.22112679268313198,-0.23432922363281197,-1.2772216796875,-0.0985260009765625,-0.11297422291836001,-0.285224819063595,-0.11503204749266499,-0.00853576660156245,-1.0743286132812513,-0.0111953735351562,-0.0009630256817834852,-0.03998430113228612,0.03282609696470572,0.1345599830002192,0.11042049781057844,0.06629148280683128,0.08493460603951174,0.0985365618386335,0.08800662924912799,True
79,9.116999959945682,2.177450490010826,0.189056396484375,-0.86907958984375,0.4810791015625,0.14049506330713,0.0426784880490648,0.166669942080974,-0.15022277832031197,-1.16505432128906,-0.136428833007812,-0.0616529781836614,-0.233850577423204,-0.0981555956648325,0.03520355224609375,-1.021569824218751,0.1798583984375002,0.02119021352993155,-0.02087718557540369,0.01978254647254844,0.11518432439243653,0.09198037681615154,0.24410743898969947,0.05757622765232144,0.08534556763542449,0.08622177446735976,False
80,7.397999763488768,1.0224673670106148,0.482467651367188,-0.68536376953125,0.745391845703125,0.166725868463866,0.6318067391137441,0.332467432588838,-0.504135131835938,-1.14390563964844,0.41259765625,-0.170779465959075,-0.355853981701369,-0.5578102755936751,0.1486602783203125,-0.9207031250000002,0.5379928588867188,0.001840483997742877,0.07592642973043909,-0.0693743876585718,0.27404244411677714,0.13490410610463135,0.10658496855059536,0.10666683124420165,0.287268726572748,0.27693600183503303,True
81,12.129999732971172,1.4869432526196917,0.46038818359375,-0.745208740234375,0.643341064453125,0.0842400463369504,0.28655853013750704,0.161095146971111,-0.19105529785156197,-1.206298828125,0.34228515625,-0.14160373726893,-0.130139894040575,-0.21149520428475196,0.06952667236328136,-0.8971511840820318,0.48968353271484377,-0.025871091988298445,-0.0012122442965931623,0.01434538352782079,0.18592049661222626,0.1512374164497941,0.08059804450902625,0.06682832165060867,0.11998443855744731,0.09807062158884947,False
82,16.060999488830568,1.0029556957048777,0.8315277099609379,-0.503280639648438,0.588546752929688,0.18310777127727,0.47598438478488103,0.233827940553938,-0.393630981445312,-1.27789306640625,-0.14674377441406197,-0.2500252863038,-0.299842111338713,-0.37802932515013205,0.2954620361328126,-0.9224212646484375,0.26009979248046894,-0.0006775614445378775,0.014362587548462799,-0.012625327674571437,0.42604777743967254,0.2156084984705488,0.20162596494181606,0.17498854772310854,0.2703476917070338,0.19863349672092726,True
83,17.593999862670877,0.3101328721866466,0.22755432128906197,-0.7639617919921879,0.397750854492188,0.21572137461859803,0.19816315355170605,0.16740843665125302,-0.3033447265625,-1.13929748535156,0.17138671875,-0.0932029149856121,-0.266152058284775,-0.25196619810625004,0.022073364257812332,-0.9771942138671875,0.2937973022460939,0.02832298450910168,-0.00029182919225094196,-0.007599250275708501,0.17106469683421607,0.10748677850593205,0.07511159647653662,0.08634641747296522,0.1487902298449516,0.1389540600568568,False
84,18.58300037384031,0.19183601169469663,0.143157958984375,-0.64422607421875,0.364288330078125,0.16955627607040197,0.42649992225401,0.30452314958674603,-0.41937255859375,-1.06881713867188,0.20265197753906197,-0.16306002722337198,-0.40633100437051295,-0.301310045731565,-0.13165893554687497,-0.9490875244140629,0.3037628173828125,0.007750784141733846,0.003355290025779869,0.01126594372775141,0.1725954062095386,0.12245851802818826,0.0528155275407538,0.10174011745964602,0.24561049273478477,0.18048185005823827,False
85,19.076999855041485,0.024967215855930678,0.3194580078125,-0.8795623779296879,0.319427490234375,0.12282605473889001,0.18798881292316696,0.142950764148292,-0.093780517578125,-1.3802185058593797,0.154510498046875,-0.122386633159027,-0.0644216004529078,-0.17546103683932598,0.08403930664062505,-0.9815521240234382,0.2466217041015625,0.0019543341343437625,0.06369674126741001,-0.045565088354601824,0.13898687676494015,0.14840037334024558,0.05361287055662164,0.08056093277376099,0.07907099341311519,0.10955786861107439,False
86,18.860000610351562,0.2812673846868511,0.296981811523438,-0.862579345703125,0.348785400390625,0.0563407707572803,0.12710442303010303,0.180784695858394,-0.00079345703125,-1.12811279296875,-0.0358734130859375,-0.146947902628392,-0.28144419558011896,-0.12533049142800098,0.12249908447265626,-0.9936569213867186,0.1430984497070312,-0.04069760219865297,-0.014416889403089378,-0.01434687489803125,0.10066249100090423,0.06934862142086005,0.12019407656308674,0.062399647281094026,0.13341361522000889,0.0981784859243771,False
87,18.054999732971194,0.15572390952606055,0.402267456054688,-0.7534942626953121,0.517913818359375,0.37567136232097603,0.233602637125717,0.180467247056457,-0.0774688720703125,-1.2448425292968799,0.18263244628906197,-0.1619196616446,-0.225286117673618,-0.21598662546317,0.0683731079101563,-0.9364364624023442,0.2947753906249999,0.014264583220347885,-0.027003441452189258,0.008958687485750301,0.14168580177609752,0.13442908528418027,0.09142751259628945,0.15388294191954874,0.13406670678017515,0.1262646045362698,False
88,18.16200065612792,0.036147686972497595,0.606979370117188,-0.7928009033203121,0.361175537109375,0.11164503921830198,0.636966081093555,0.362656760389867,-0.479812622070312,-1.15992736816406,0.0232086181640625,-0.250924103171702,-0.348747602648601,-0.404329638811318,0.08240814208984396,-0.9731033325195311,0.20473480224609375,-0.06748173233507426,0.04765566981031408,-0.07736805209172094,0.3759240347738874,0.13220902388166766,0.1171354198516767,0.12605712449947626,0.3450495387624322,0.26953999841803966,True
89,17.55800037384033,0.383545066717818,0.345718383789062,-0.603302001953125,0.17979431152343803,0.15445348952856303,0.28812180569738394,0.350145495904784,-0.0460357666015625,-1.25148010253906,-0.372970581054688,-0.16737088607988299,-0.320932216643269,-0.388863064464574,0.13181915283203122,-0.9789855957031246,0.02932281494140631,-0.046386646919280294,0.06730646970373617,-0.05961025373273787,0.13188930782234437,0.1840692551122947,0.1653837170460527,0.10680086998298009,0.23620624409657492,0.2666989027602785,True
90,14.733000183105451,1.9885789841467674,0.439453125,-0.8694305419921879,-0.0190582275390625,0.28490204393947804,0.349148142076549,0.31019248691530604,-0.364364624023438,-1.28852844238281,-0.243316650390625,-0.209506089266572,-0.184010050254589,-0.201004746434821,-0.05925598144531234,-1.072196960449218,-0.1439392089843751,0.015124704357610597,0.030106370333073264,-0.03030994236679898,0.23650488548381668,0.12019002980312318,0.0661517568780659,0.1578597200445234,0.15806936808049593,0.1532488804688433,True
91,7.922999835014347,2.445776560715105,0.0677032470703125,-0.966339111328125,0.13916015625,0.194718620997798,0.0235575240545139,0.20088357260522197,-0.1790771484375,-1.1787109375,-0.283096313476562,-0.0766039645433662,-0.255985440823397,-0.0677875697546589,-0.028935241699218694,-1.0402450561523455,-0.0857742309570313,0.015479330888365686,-0.048601012102459346,0.032803433463829176,0.08702006556577047,0.06794210924072927,0.12444844769044007,0.08126060750944297,0.10209466803549966,0.09415776674259571,False
92,1.0679999575018901,1.3291500506708815,0.05133056640625,-0.939849853515625,0.276046752929688,-0.00534629588833407,6.764429168801271e-05,0.00200349608806661,0.028076171875,-0.9570465087890621,0.21861267089843803,-0.0160269034400969,-0.008440090126679121,-0.0065303373089833,0.03928985595703125,-0.946363830566406,0.25305786132812524,-0.011726697227945922,-0.004604339208637993,-0.0016008793944684314,0.007639920750949971,0.005460716062748676,0.01949177992366378,0.0031807805262136515,0.0030531887720182875,0.002984350120519275,False
93,0.3709999918937683,0.11376876949144424,0.0435028076171875,-0.9441986083984379,0.263107299804688,-0.0128087395788451,-0.00308740265172886,0.000926513743238567,0.0383148193359375,-0.9477691650390621,0.258132934570312,-0.0160109244735564,-0.00629890861025541,-0.00122185830812835,0.04046478271484375,-0.9460983276367185,0.2608261108398437,-0.01440623675872913,-0.0047994690217081,-0.00045497444062913694,0.0015627571066615953,0.0012691678643803512,0.0014255199236434654,0.0012505460861924561,0.0008996339843541677,0.0007235824223097247,False
94,0.5679999992251396,0.15171610705920496,0.0426025390625,-0.9435577392578121,0.262054443359375,-0.0128020816761199,-0.00415027024277949,0.00197899500603788,0.03546142578125,-0.9500732421875,0.257095336914062,-0.016032229762277,-0.0062986422941464105,-0.00227167640983759,0.0402496337890625,-0.9468032836914062,0.2604888916015624,-0.014302160423328828,-0.005119261405404815,-0.00045308359625518136,0.0020899998773899783,0.0020592777156299125,0.001589979162341301,0.001255140818356355,0.0006073717366338432,0.0013293027662297325,False
95,0.09200000166893,0.1187714914382735,0.0423431396484375,-0.938446044921875,0.263534545898438,-0.0117440077750314,-0.00203785086612863,0.00200349608806661,0.037750244140625,-0.9506988525390621,0.255874633789062,-0.0170596773108296,-0.006285060172587,-0.00332122819543782,0.04033355712890625,-0.9459304809570312,0.26099853515624993,-0.013973419818369448,-0.004270458702774758,-0.0006651511138581909,0.0017067129692910179,0.0035848900432844995,0.002622241632826956,0.0016253801515097035,0.0013685310703126265,0.0016084864032683052,False
96,0.0,0.0,0.0440521240234375,-0.944244384765625,0.263824462890625,-0.0106499811992269,-0.0041574607777227,0.000959270624646542,0.0359649658203125,-0.9522705078125,0.259719848632812,-0.0159962770875609,-0.00629198439142121,-0.00223066372905037,0.04063262939453125,-0.9471649169921875,0.26103820800781224,-0.01366771555683927,-0.0051233360418726365,-0.00012671320466597016,0.003329039384007553,0.0020321412657981425,0.0013133436322454457,0.0016531864060392164,0.0007840415782959593,0.0012282007393575772,False
97,0.0,0.0,0.0433807373046875,-0.94366455078125,0.262496948242188,-0.0117519972583017,-0.0041643849965569,0.0009400958647979711,0.0375518798828125,-0.9476318359375,0.257034301757812,-0.0139040977351947,-0.00629917492636442,-0.0022498384888989397,0.0399993896484375,-0.9458770751953125,0.2601867675781249,-0.013237295461460663,-0.00491342568475259,-0.0003360909295679992,0.0019119776185840922,0.0013188631955297998,0.0018563703387736543,0.0007488089261634122,0.0008774394692570872,0.0009754619632007716,False
98,0.0,0.0,0.044342041015625,-0.9442138671875,0.265090942382812,-0.0128087395788451,-0.004157727093831711,0.000937432703707892,0.03643798828125,-0.9493408203125,0.256698608398438,-0.0160255718595518,-0.00734872671196465,-0.000142212802210231,0.0405548095703125,-0.9467819213867188,0.2614837646484375,-0.014416756245034962,-0.0052248024794046555,7.91225159862542e-05,0.002846851885301977,0.0015769228267018343,0.0024982116846339695,0.0010373639528978458,0.0010020408767753394,0.0004467309901687894,False
99,0.0,0.0,0.0435333251953125,-0.9429779052734379,0.26434326171875,-0.0117147130030406,-0.00416465131266591,-0.000117711720181502,0.037933349609375,-0.950897216796875,0.257339477539062,-0.0139054293157397,-0.0084193174701765,-0.00224158268951969,0.040911865234375,-0.9467544555664062,0.2600555419921872,-0.01313108859718828,-0.005339637985608872,-0.0005471464459567783,0.0020520509089572425,0.002851278027406237,0.002050893265828921,0.0007286748573095154,0.001367585050002366,0.0007400322795579584,False
100,0.0,0.0,0.0411224365234375,-0.94317626953125,0.26422119140625,-0.0117440077750314,-0.00309406055445406,0.000953677986357375,0.03863525390625,-0.9514312744140621,0.257125854492188,-0.0149461926697427,-0.00736230883352405,-0.00120561302547887,0.039984130859375,-0.9468093872070312,0.2616134643554688,-0.01356204132478491,-0.0052303951176938205,-0.00012535499251002945,0.0009113981590389271,0.0028619932436691553,0.0025956037925093114,0.0012324816440690385,0.0012288572761050564,0.0007135348184022957,False
101,0.0,0.0,0.04168701171875,-0.94390869140625,0.263671875,-0.0117506656777566,-0.00308740265172886,0.000953944302466383,0.0389862060546875,-0.9512176513671879,0.2607421875,-0.0160109244735564,-0.00524216628971197,-0.00226342061045834,0.0404388427734375,-0.9480209350585938,0.26196594238281234,-0.01376846294087696,-0.004165317102938433,-2.359560725810162e-05,0.0009930803181747944,0.002037519764731211,0.0010538216557165624,0.0015369135392326837,0.0008694786445612747,0.0011787084475675114,False
102,0.0,0.0,0.043670654296875,-0.945220947265625,0.263320922851562,-0.010687265454488,-0.0041571944616136895,0.00198991396650721,0.0374298095703125,-0.94891357421875,0.259521484375,-0.0149674979584633,-0.007370032000685279,-0.0022525016499890197,0.040789794921875,-0.9465576171875,0.2611221313476562,-0.01292480013915075,-0.0054472829568698745,-0.00011827098401041886,0.0017913006733999057,0.0011792278966406334,0.0010635630165051937,0.0015515767117078821,0.0011034063930158912,0.0014967998618667464,False
103,0.0,0.0,0.0453948974609375,-0.9438018798828121,0.263671875,-0.0117373498723062,-0.004156928145504679,0.00305597735086593,0.035369873046875,-0.94854736328125,0.25811767578125,-0.0170543509886494,-0.00627174436713661,-0.00229085116968616,0.04122161865234375,-0.946234130859375,0.2605789184570312,-0.014191958817421349,-0.005013640436572273,-0.0006654706931890011,0.002649950355719801,0.0015073061297571177,0.001639214273730614,0.001512911041644767,0.000668588929270892,0.0016845266944606502,False
104,0.0,0.0,0.050048828125,-0.943023681640625,0.264602661132812,-0.012771455323584001,-0.00309459318667207,0.00414387865616329,0.0312347412109375,-0.9501953125,0.2586669921875,-0.0159589928322998,-0.00523577470309578,-0.00335132191575571,0.04096527099609375,-0.9476242065429688,0.26199951171875,-0.01366065817995055,-0.004378796095919182,-0.000235183755864897,0.00499703041983328,0.002191904969829178,0.0019935841329265323,0.001198358030111336,0.0008415167034469743,0.0025387180650560818,False
105,0.0,0.0,0.04510498046875,-0.943267822265625,0.269134521484375,-0.011729360389036,-0.004157727093831711,0.0020253340090052602,0.035858154296875,-0.9527740478515621,0.254730224609375,-0.0159962770875609,-0.00524163365749396,-0.00227433957092767,0.04138336181640625,-0.94779052734375,0.2617385864257813,-0.013771658734185049,-0.00459078371868949,-2.2530342822071264e-05,0.002923087792707238,0.002817332463628998,0.004106526990761833,0.001535587675902328,0.0005485615453834,0.0014678035384550758,False
106,0.420000001788139,0.766159236789849,0.129379272460938,-0.805023193359375,0.615707397460938,0.0254502326412332,0.0615243475030106,0.0456878600808544,0.0283050537109375,-0.943023681640625,0.262786865234375,-0.0464119735812469,-0.0443709269218102,-0.0827004729107756,0.06836090087890634,-0.8694290161132813,0.49766387939453144,-0.015331765132364384,0.008607709485688704,-0.011054568632031714,0.03059806843572858,0.04660093938176082,0.11000024816021566,0.022361096486074462,0.03007788005077871,0.034329017133016004,False
107,4.56499991416931,1.9099811391415273,0.3638916015625,-0.6785888671875,0.607223510742188,0.0473965442362492,0.19368478186262897,0.127675671083925,-0.134109497070312,-0.97418212890625,0.3758544921875,-0.133269374637527,-0.123000491790291,-0.140014362730371,0.11178283691406272,-0.8523895263671873,0.5217987060546876,-0.0210061890986071,0.042256456911119955,-0.021541777425432927,0.14414337179133446,0.0811151810509892,0.07537490218762737,0.0528717388202695,0.10935225007914891,0.07608384577067437,False
108,9.100000381469714,1.0540925533894439,0.307952880859375,-0.815216064453125,0.420394897460938,0.0286177964417735,0.297497197998899,0.093502786924355,-0.120269775390625,-1.07127380371094,0.17582702636718803,-0.16298119765510502,-0.211113040668325,-0.167205770092298,0.1112609863281249,-0.9267517089843752,0.2790008544921876,-0.06793052824197435,-0.0342360010774045,-0.004019029664260393,0.15891296719847287,0.10006635615885798,0.07567821510918733,0.06746308488189313,0.14034627770015382,0.0736417660365043,False
109,11.668000125885019,0.4796708391056577,0.272567749023438,-0.544906616210938,0.493606567382812,0.16397695358668601,0.224041089864006,0.17557794961117998,-0.323333740234375,-1.13984680175781,0.073822021484375,-0.126834911127787,-0.28822380476713394,-0.12526577661351201,0.0135848999023437,-0.8752838134765621,0.2563842773437498,-0.02114565884489461,-0.03453454143560254,0.03207228921815882,0.16947306022339695,0.17698142903917347,0.13187825053737784,0.08423656748811353,0.13760023116826794,0.10723314605503356,False
110,13.07099971771242,0.3627810622555865,0.499237060546875,-0.734039306640625,0.336318969726562,0.12162044171341199,0.37930657720893396,0.181080040423284,-0.152618408203125,-1.05426025390625,0.110488891601562,-0.10741141203340301,-0.24797625016109304,-0.206724151191875,0.1072647094726562,-0.9175201416015613,0.2372451782226564,-0.03739059528343621,0.04193858200340815,-0.015098179273153451,0.18585155886491203,0.1030569391093552,0.07636667386172516,0.07231624045323595,0.1776364030173849,0.11413233432274708,False
111,14.12099981307984,0.41441909023071466,0.493881225585938,-0.7498931884765621,0.44232177734375,0.160340939750401,0.184093673512817,0.21124806293559198,-0.230072021484375,-1.16749572753906,0.1463623046875,-0.177755350118429,-0.24353702694003998,-0.185559211060688,0.07862243652343756,-0.9524169921874994,0.23577575683593738,-0.006219439883327439,0.03567368196027294,-0.008472207849425562,0.26395570331318663,0.10892445105801245,0.09411165941367523,0.08937605375974322,0.14625807555918016,0.13566781461750074,False
112,14.676000022888164,0.34303208492036846,-0.0032806396484375,-0.8584747314453121,0.20429992675781197,0.105596734066623,0.0943888206190244,0.0778231596904045,-0.21205139160156197,-1.1620788574218799,0.032806396484375,-0.0241538058225827,-0.186503301667121,-0.16407735475978197,-0.11858215332031241,-0.9895874023437503,0.10190277099609375,0.026597389280784874,-0.039427380885128795,-0.019564140631551017,0.06586137869934237,0.08844788173954143,0.05144437668559155,0.042863644760398334,0.0736883044296437,0.07573106890710297,False
113,13.678999900817871,0.0783794365891498,0.21357727050781197,-0.8994598388671879,0.233917236328125,0.063589628928367,0.169916069133672,0.281672961117757,-0.257064819335938,-1.06689453125,0.0597076416015625,-0.125101459574254,-0.23545033829001397,-0.18084328540237601,0.033448791503906096,-0.9691726684570318,0.1480621337890625,-0.0403829497158601,0.002817358117194879,0.010881143581845765,0.13593117227730384,0.05282426757182331,0.06160787232996635,0.05315236917134838,0.1161687808800551,0.13015531435196,False
114,12.971000003814728,0.5396387257230015,0.273361206054688,-0.8712310791015621,0.17822265625,0.11494123369949302,0.21046349567845496,0.0867862946551752,-0.0893402099609375,-1.17222595214844,-0.109634399414062,-0.14073394885691,-0.11282402063288001,-0.18126912486067898,0.05889434814453141,-0.980645751953125,0.0178207397460939,-0.039875484370145486,0.05875841502646524,-0.0343588793301008,0.13138079452706825,0.09870944576480635,0.10199424338798081,0.07246084708501203,0.11246999827873493,0.08087107342108933,False
115,10.108000278472897,1.5326071098529452,0.0987396240234375,-0.955078125,-0.00604248046875,0.0194791591611666,0.0355785005829136,0.12240687318331199,-0.358856201171875,-1.11647033691406,-0.171173095703125,-0.112332933727869,-0.31487032937003,-0.0830445533236139,-0.12191162109374995,-1.062661743164062,-0.081982421875,-0.03215852237425561,-0.16349529427193413,0.011607787085273866,0.14344447656396234,0.05611273165398683,0.060637567986857606,0.04155748177610675,0.1133598450962267,0.06606284405334446,False
116,5.851000022888187,1.2040713146503217,-0.006439208984375,-0.8589019775390621,0.452255249023438,0.283688974062947,-0.35232129851537897,0.33584165768996804,-0.472503662109375,-1.40705871582031,0.02410888671875,-0.0291264602099786,-0.736076153693072,0.0610468427195594,-0.2950042724609376,-1.0055084228515623,0.19414825439453123,0.08911147397131253,-0.5473028534075999,0.1766507507930966,0.14734611086073776,0.16067414105883285,0.14307307929207239,0.09728947241563868,0.13345060250068208,0.07599987627799637,False
117,5.938999986648559,1.0461405377903532,0.162628173828125,-0.750823974609375,0.660568237304688,0.0982943463576256,0.0882350542881783,0.224873327704656,-0.2335205078125,-0.914306640625,0.392196655273438,-0.15567002151451098,-0.39843419910621003,-0.0346466605174949,-0.038314819335937556,-0.8428680419921875,0.563346862792969,-0.0213355155990063,-0.14547173906777214,0.07852370421514995,0.1250265181496675,0.05456460178855634,0.08030177471481714,0.081702715708022,0.16140818941052676,0.07927974004961708,False
118,9.567999649047838,1.3255255871057299,0.08251953125,-0.8058013916015621,0.600234985351562,0.132665103386188,0.130615001979045,0.0944311648803566,-0.120895385742188,-0.9861907958984379,0.454132080078125,-0.0957704685925575,-0.25099494325669797,-0.117509586254765,0.0147811889648437,-0.8855026245117189,0.5455581665039061,0.002218732767366792,-0.026612010035169397,-0.028696386325541706,0.0672065503667282,0.05567166165482957,0.05422025757632632,0.06315538378195465,0.1196990965348324,0.08649571220635993,False
119,12.75600013732912,0.7324872450689184,0.18708801269531197,-0.61822509765625,0.512161254882812,0.128085531575688,0.11109323224043699,0.246409778807909,-0.21337890625,-1.1839599609375,0.24412536621093803,-0.108941131763544,-0.36344079501478704,-0.10766947234303201,0.026477050781249945,-0.8617233276367188,0.4187561035156249,-0.008548214466936252,-0.11141909663141954,0.01896538212366846,0.12139573111938153,0.16140806941258376,0.08194396165943055,0.08431476415915619,0.180864024445772,0.1066457644822385,False
120,13.766000080108654,0.09359490580021844,0.345809936523438,-0.71343994140625,0.5289306640625,0.180428098588432,0.23618963180862,0.170446570822815,-0.16319274902343803,-1.41838073730469,0.0760040283203125,-0.14857402878999498,-0.14122104102028601,-0.20320824592075198,0.0807403564453125,-0.9955352783203131,0.31366271972656257,0.0061946991168005325,0.050060051537270014,-0.005076970407294432,0.1719522003590156,0.18435561261487735,0.12299637283727968,0.0924820490270984,0.12516196814651434,0.1291123646793506,False
121,13.763000106811528,0.22686518536461822,0.341842651367188,-0.796142578125,0.416259765625,0.0625334192400416,0.248828728026028,0.22611196392765198,-0.167205810546875,-0.97210693359375,0.230621337890625,-0.16667500208704503,-0.19396734325428602,-0.13915682485936498,0.06575012207031261,-0.8903869628906251,0.31112060546875,-0.04767404562183547,0.03913637727281595,0.003249269582784023,0.14607550124710966,0.05701183176488658,0.06659282244452476,0.06608595686422356,0.14153739719177413,0.1186214199334431,False
122,13.372999954223639,0.6092260887016389,0.22532653808593803,-0.845306396484375,0.251968383789062,0.0490812599418333,0.164848606211469,0.128198982238125,-0.115951538085938,-1.01237487792969,0.112472534179688,-0.164243536011803,-0.246023620449847,-0.202555238821465,0.07031860351562495,-0.9242996215820313,0.1825759887695312,-0.050863979975532415,-0.03583544236488448,0.0008511729160001231,0.11211697887333952,0.061544720119764446,0.04733760212443002,0.07121515523274567,0.1291576267395911,0.11375708588588038,False
123,10.957999610900846,1.398227428137449,0.19342041015625,-0.917877197265625,0.124404907226562,0.0939984012032188,0.15971642847477696,0.190262087229659,-0.422164916992188,-1.143310546875,-0.101364135742188,-0.10465530662127999,-0.36095819624661496,-0.12535232934894,-0.0918243408203127,-0.9915176391601574,-0.0209960937500001,-0.006019250064186211,-0.08250204077795381,0.021155698962204147,0.19661251976496583,0.07026197811618705,0.07324786764654262,0.062463043999970734,0.14173211768670138,0.1062256349506326,False
124,6.066999936103819,1.6091269976571123,0.129531860351562,-0.94158935546875,0.174530029296875,0.049271409643665005,0.0903647842119147,0.0543497915263371,-0.0014190673828125,-1.057861328125,-0.0857391357421875,-0.0302127636186219,-0.0620125049308221,-0.11028096810796302,0.05077514648437496,-0.989202880859375,0.0588958740234376,-0.0001955825504554195,0.014148522660042162,-0.0013179717918692965,0.041071164281670416,0.035185914122542725,0.09273958893719192,0.025359778263887175,0.0523366291323887,0.048005433001644025,False
125,1.4369999974966061,0.7370820780601991,0.0751190185546875,-0.9175567626953121,0.3707275390625,-0.0041470744494713895,0.0578238851683455,0.0297136872303411,-0.0021209716796875,-1.01072692871094,0.07183837890625,-0.0604588167508699,-0.0201723799929142,-0.0636748500832496,0.050054931640625,-0.9659164428710938,0.2023834228515627,-0.014246313935269882,0.004984691875523117,-0.006769249490374313,0.02735484953804155,0.033970579982227425,0.10676505981319098,0.016571817801291355,0.02019454485051025,0.023632208885975933,False
126,1.1000000238418557,0.8081529258353928,0.11102294921875,-0.889862060546875,0.419570922851562,0.0523345775294741,0.0192450673013486,0.20997187614122603,-0.290496826171875,-0.9691619873046879,0.372573852539062,-0.0278007386193372,-0.590670753968053,-0.0203966181566989,-0.03300323486328131,-0.92073974609375,0.3982406616210936,0.003969734552483007,-0.17244519332608715,0.05902081628867066,0.13703912490680895,0.026893874555684576,0.017547908835655664,0.02496008025325291,0.2088821351365023,0.08307414035055231,False
127,3.8690000534057605,0.9731329524263088,0.112930297851562,-0.8221588134765621,0.50067138671875,0.0651531708043525,-0.19148527711833202,0.288821684431856,-0.326095581054688,-0.9724578857421879,0.321014404296875,-0.0297576293883274,-0.669319759912492,0.0091618067820906,-0.14766845703125012,-0.9066375732421876,0.3865447998046873,0.012695075863520519,-0.5174525193817268,0.1430585689092187,0.15433044648492578,0.05306704166871078,0.05347400541208429,0.030507911866255132,0.16712715418453736,0.08148055049814375,False
128,7.176999950408937,1.2092424413843539,0.184783935546875,-0.7917327880859379,0.45831298828125,0.0928817377581485,0.0988671923081016,0.12021748845115801,-0.085693359375,-0.9993896484375,0.112442016601562,-0.0667614537866514,-0.234608246753331,-0.0492210758990625,0.08004608154296874,-0.9116409301757813,0.31889038085937493,0.005069060818856808,-0.0650226759109386,0.021970466466103015,0.09258441811164946,0.0611859578130576,0.11506846907874464,0.04940072470615692,0.09102246348133276,0.0545311387758286,False
129,8.615999984741212,0.5193842010724954,0.17231750488281197,-0.9184112548828121,0.16169738769531197,0.115806761053769,0.11008336155507902,0.0943326279200237,-0.0225372314453125,-1.11344909667969,0.00384521484375,-0.0941624519263677,-0.0662573173922994,-0.0586934072642563,0.0767776489257812,-1.017790222167969,0.07360687255859365,0.004651210843823408,0.007843595305723134,0.014527889957323958,0.06467697059155021,0.04767422808713625,0.048102617412256146,0.06313929589790898,0.0613694605419982,0.056786072474272906,False
130,5.633999943733216,1.5076116983923267,0.106735229492188,-0.9945831298828121,0.0457000732421875,-0.0073133066694666,0.0598470886484787,0.007177751769981559,-0.007293701171875,-1.05091857910156,-0.028778076171875,-0.0437733135731964,-0.0125613319135767,-0.0368538884289525,0.054454040527343796,-1.0320358276367194,-0.001239013671875,-0.020442557685502745,0.01949058412224302,-0.012947543534860028,0.029349147161157354,0.016396963822373666,0.02482578543431278,0.011164704552657471,0.025159902355935404,0.013335649083813704,False
131,1.7560000300407412,0.9373153060370589,0.08721923828125,-0.9383544921875,0.258407592773438,-0.00118590563341228,0.0139163482762091,0.00957752622825196,0.0637359619140625,-0.9777374267578121,0.114913940429688,-0.0138881187686542,-0.0116172413071437,-0.00550688450206585,0.07153778076171875,-0.9635513305664064,0.1851165771484375,-0.009937692134074277,-0.004296584313068439,0.0001225853049763468,0.006836929135831989,0.013273836950652292,0.045044850906324804,0.004340720405785513,0.007144873700982864,0.004532470932250534,False
132,0.0219999998807907,0.06957010814673144,0.0918426513671875,-0.92376708984375,0.32293701171875,-0.00415506393274163,0.0021534320574380698,0.0019979034497774398,0.0776519775390625,-0.951995849609375,0.231597900390625,-0.014991466408274,-0.00734819407974663,-0.00644538247020977,0.08129425048828125,-0.9445053100585937,0.2635543823242188,-0.011628746163052796,-0.004179351961883149,-0.0007480020553705553,0.004115381186124172,0.00859294430611648,0.027564817483633892,0.0037710427965565703,0.003158298964003589,0.0026543441291676084,False
133,0.7149999976158143,0.5114521912712924,0.19404602050781197,-0.869598388671875,0.382369995117188,0.0008021441203318669,0.24920796216525498,-0.00336117561178901,0.107955932617188,-0.9369964599609379,0.329208374023438,-0.047323307306272,0.0096393115655418,-0.0629680471299425,0.13396301269531258,-0.9159698486328125,0.34861297607421887,-0.013439402756586765,0.10390203150695095,-0.027167705228225335,0.027802518809452306,0.019458058760153673,0.016759441260640776,0.013235965577323825,0.08625301614210135,0.017713982162765065,False
134,2.6720000028610262,0.8450088199077453,0.371170043945312,-0.8540802001953121,0.365264892578125,0.0344799466332559,0.43726734885730895,-0.0151714960979634,0.130233764648438,-0.995941162109375,0.24932861328125,-0.0874781839063778,0.274664053760886,-0.209217136288298,0.20119934082031263,-0.9244232177734375,0.3110198974609374,-0.03305755229504458,0.3522937614297073,-0.07630907271586175,0.07073999433571702,0.03835115440474284,0.035167666483034606,0.029820719476343197,0.05521079792918956,0.06030628565348233,False
135,5.479999923706055,1.1571421647904243,0.40631103515625,-0.8199310302734379,0.6884002685546879,0.128690601775354,0.410873291925752,0.24299906839984398,0.0241241455078125,-1.06143188476562,0.3092041015625,-0.166215340482897,-0.291557283503586,-0.131383590269642,0.15775909423828113,-0.9107467651367183,0.4414703369140624,0.004043184535347471,0.17420746028261447,-0.021199348172470496,0.10452799278924067,0.07048954905099046,0.10891426652188531,0.08642755939693794,0.1905312468382489,0.11277554560407718,False
136,8.950999927520758,1.4576878941529616,1.066162109375,-0.379150390625,0.557220458984375,0.35913952353820006,0.734864681713195,0.21652591558391102,-0.40985107421875,-1.27803039550781,0.319305419921875,-0.1491684463453,-0.44991177139689603,-0.44696871207625,0.1189697265624999,-0.8961975097656248,0.4061660766601564,-0.0026674221478233686,0.012032268331421672,-0.03183153945561574,0.43220653380273993,0.2368179166992533,0.07687923933117718,0.14793231655822214,0.31362284740329416,0.18260545802199907,False
137,11.953999996185312,0.4071091961541113,0.6844482421875,-0.8330535888671879,0.368377685546875,0.35975205058891796,0.0785688447956267,0.38153191461580394,-0.3341064453125,-1.2599182128906201,0.23817443847656197,-0.146511943157946,-0.325085150047138,-0.22240910474800502,0.05956878662109381,-0.9682189941406241,0.32989654541015623,0.05809382317643589,-0.08854121128709377,0.11832006606930916,0.27319632724050985,0.12051533360936806,0.03906320892458934,0.14497637328840374,0.12708629313481684,0.16769908273355238,True
138,12.80399971008299,0.2934167198955964,0.5277099609375,-0.594894409179688,0.605667114257812,0.28653642590045897,0.42245537950650697,0.38997014052971996,-0.3973388671875,-1.35743713378906,0.0569305419921875,-0.20248120294316102,-0.413460552924764,-0.34738672733157105,0.12701110839843766,-0.9286224365234375,0.25293121337890623,-0.0308445453240216,-0.023092296443687977,0.015630385385394963,0.254331951799356,0.23600852255141708,0.15445930688104215,0.14490949755952157,0.2370678442464678,0.22266497927781134,True
139,12.682000064849861,0.36696339291235086,0.20414733886718803,-0.826263427734375,0.255416870117188,0.276639586657507,0.41603929180828797,0.20966641156419397,-0.22230529785156197,-1.09283447265625,-0.0963592529296875,-0.21801275842050302,-0.464562885817858,-0.15634406758641,0.004150390625000255,-0.9531372070312496,0.07829132080078136,-0.024118678727804543,-0.04025615661636141,0.0515683328206365,0.15132987355501218,0.09672840969322291,0.12088937682008682,0.14022080942296608,0.24885979564682667,0.16019094905854447,False
140,9.674000310897846,1.9832924755002068,0.113357543945312,-0.8408050537109379,0.14448547363281197,0.499231117940183,0.300093513745617,0.21327366326070699,-0.37872314453125,-1.67988586425781,-0.554901123046875,-0.265845794759416,-0.421577068978998,-0.28633029723208697,-0.15412445068359384,-1.105714416503907,-0.0824874877929688,-0.006662723046771091,-0.1503602908279433,0.03881014003928124,0.16319974893295547,0.2709174814891655,0.2003753599969672,0.22173968881239742,0.21260786827837097,0.14404639880931328,True
141,3.668000030517578,1.6086559082537901,0.0612640380859375,-0.8796539306640621,0.474929809570312,0.0693290073935968,-0.074444939847639,0.17538513674825798,-0.24815368652343803,-1.1175842285156201,-0.12689208984375,-0.0432521329478679,-0.42364900830708,-0.00105993811385154,-0.06751251220703125,-0.968473815917968,0.26924438476562507,0.00756036812379324,-0.20448520503183437,0.06703024663547305,0.11433539791529768,0.07276589711190523,0.20651103044076327,0.03701817495692562,0.11621033841933026,0.0496113835869372,False
142,4.18500008583069,1.3377531596378074,0.401962280273438,-0.8475189208984379,0.589950561523438,0.0940005317320908,0.0338565006220683,0.23831909541624804,-0.28179931640625,-0.9594879150390621,0.347503662109375,-0.13721538042469802,-0.737615993435356,-0.0992703948971396,-0.10661926269531241,-0.909967041015625,0.44315948486328127,-0.010485477738692706,-0.4291270507745404,0.09557326151383716,0.19545577002643863,0.03943782027986563,0.08982141778403188,0.08412709889880866,0.24145552018035946,0.11511195172298702,False
143,8.138999938964847,1.3620120397724413,0.1759033203125,-0.8385467529296879,0.505218505859375,0.0716371691103685,0.11628479846943801,0.18992386577121897,-0.065826416015625,-0.9270477294921879,0.308395385742188,-0.126795762659763,-0.182331459819512,-0.0882861869811078,0.11179504394531255,-0.8893936157226563,0.3959671020507813,-0.026084730770944652,-0.0014260961321265323,-0.0012229768357861707,0.07434860631366155,0.026897982508113306,0.07522466475087301,0.055427652025546156,0.0911380871570099,0.07929030292998006,False
144,11.252000141143828,0.615391339778943,0.20379638671875,-0.9403228759765621,0.219268798828125,0.0258883226405513,0.108701447265437,0.166096829814389,-0.18231201171875,-1.07339477539062,-0.02911376953125,-0.110795490830567,-0.220331572781635,-0.0571224085372186,0.02260437011718745,-1.0013275146484375,0.05187683105468756,-0.03397317370942476,-0.03711005789420728,0.03418665270240543,0.11615874888828659,0.044270194039683616,0.0827878930337631,0.03929901203021721,0.10723197854616338,0.0765727506178442,False
145,7.725000143051146,1.8221555562960354,-0.18206787109375,-0.912750244140625,0.3092041015625,0.08402433028865401,-0.29677681292403196,0.33713781819251,-0.57940673828125,-1.05239868164062,0.03240966796875,-0.0244749830500462,-0.829777079802529,0.0628937449355293,-0.3406021118164063,-0.9896728515624996,0.15001525878906277,0.0093939811659237,-0.5661436794870853,0.17854873243877423,0.10842555846867855,0.04557661586461847,0.07738219939341016,0.029306123606863604,0.18606980107120158,0.0759714694632886,False
146,4.326000165939332,0.7371296153901733,0.31170654296875,-0.825347900390625,0.639495849609375,0.0847007732055341,0.17388258126123599,0.23909087950015304,-0.466217041015625,-1.031982421875,0.380813598632812,-0.0928002450287921,-0.746602031585501,-0.15388730148081198,0.0659011840820313,-0.9425109863281245,0.4661499023437499,0.001311154099478705,-0.2380601562634595,0.054045099266021156,0.26005198210597225,0.06819327026822142,0.09574627881893405,0.05934847922590964,0.3171950693936171,0.13047073153250757,False
147,1.354999971389769,2.8076927919130585,0.546798706054688,-0.889251708984375,0.943634033203125,0.064194965444142,0.27849367940842,0.30758605115644605,-0.01776123046875,-1.12998962402344,0.18568420410156197,-0.295451623965609,-0.432503219983266,-0.141591220411807,0.11866455078125011,-0.9966613769531257,0.42527313232421865,-0.05176732421728723,-0.011889469633771441,0.040869775563126674,0.17297535960273955,0.08217044712888259,0.2176301348845459,0.09993631815792939,0.25524445042765614,0.14090762975439297,False
148,8.602000188827514,1.452643572121445,0.7215423583984379,-0.564422607421875,0.463302612304688,0.4264724916947821,0.237808301119171,0.4956020283227321,-0.090606689453125,-1.1571960449218799,-0.0302276611328125,-0.449428940291265,-0.542377257076666,-0.422052975865796,0.10479736328125,-0.9293594360351578,0.22906341552734394,0.06221261485513058,0.018961387382033422,0.03982469788815766,0.23731929719254155,0.19849755635473984,0.15042488309506033,0.2951544385945817,0.22952974532585163,0.28039151124997685,False
149,12.51400012969973,0.24486732804019493,0.626861572265625,-0.7344512939453121,0.549148559570312,0.000108390656366225,0.375448988369954,0.418590333816474,-0.556198120117188,-1.31138610839844,-0.332504272460938,-0.456284183253238,-0.39008119434717603,-0.275404146227819,0.00889434814453129,-0.9820465087890629,0.1391677856445312,-0.16503393559172735,-0.015726259184637763,0.04345176350318035,0.4099241590600079,0.1717255899322737,0.3017072578038548,0.17891650206981402,0.259166670890168,0.24742445090796436,False
150,12.001999950408944,0.9789993382886275,0.480758666992188,-0.7981719970703121,0.20805358886718803,0.125873509974268,0.520276748454534,0.163923157732666,-0.296829223632812,-1.3034362792968799,-0.20013427734375,-0.19450503547837303,-0.233666819307988,-0.5193816600121579,0.0358245849609377,-0.9949310302734384,0.041831970214843806,0.015828098464722426,0.07914027927072498,-0.023818753525839828,0.24447028016490016,0.14035360353665016,0.14978500403820433,0.11069587046075693,0.23517687069859758,0.19582164678956832,False
151,8.050999832153321,1.773361077168123,0.2135009765625,-0.8596038818359379,0.0657196044921875,0.0508096514892948,0.12455204944137101,0.225878138383943,-0.397216796875,-1.11845397949219,-0.430633544921875,-0.0946498104058522,-0.431939428780497,-0.14231639917663502,-0.12577362060546887,-1.0364517211914062,-0.0743621826171875,-0.020663067423761314,-0.17452602761220953,0.013779754743898993,0.18300988126070855,0.08346579234552219,0.16020694294806936,0.04537144305627877,0.16624359924605683,0.1101754482679539,False
152,3.8779999494552575,0.9157728792415589,0.324264526367188,-0.7553253173828121,0.6835174560546879,0.0405053485995602,0.320029671349841,0.155002633345337,-0.109298706054688,-1.09806823730469,-0.00787353515625,-0.20755079639423496,-0.0943941469412046,-0.18007522974399698,0.13347473144531266,-0.9056564331054691,0.4106231689453126,-0.048958834426522324,0.13933847907731983,-0.05022655236862188,0.10658246846701923,0.09580317078789397,0.20248203823653538,0.07493891723194096,0.12345420065355335,0.09096709222837776,False
153,7.657999753952026,1.7617717604217362,0.504501342773438,-0.649093627929688,0.615951538085938,0.141435958120255,0.452430056523675,0.437342982632267,-0.639205932617188,-1.20668029785156,0.284896850585938,-0.5468412476958561,-0.624111002511742,-0.16368613639564902,0.12509918212890617,-0.8998596191406248,0.43195953369140627,-0.051365080366241635,-0.006048305151678923,-0.0007235276049527173,0.2972941170506099,0.16721114486463132,0.11229026638494459,0.1941904504645795,0.2646283603758198,0.16985777092068743,False
154,10.982999992370603,0.5906128599289362,0.5906982421875,-0.586883544921875,0.466201782226562,0.27930381301202195,0.389831922469145,0.297095326990406,-0.529464721679688,-1.08879089355469,0.15538024902343803,-0.218974692206239,-0.250850333609507,-0.362740117331987,0.1958236694335938,-0.9031997680664062,0.29619598388671886,0.02547031287585244,0.09449966138359354,-0.03516816072215423,0.28494868045607763,0.15935851953007843,0.10184615421923769,0.15736620293198705,0.22151288700699454,0.2238194122906033,False
155,12.25500011444092,0.2776990635885745,0.603729248046875,-0.633071899414062,0.51617431640625,0.41797940466240996,0.342642838481813,0.509386017492764,-0.59881591796875,-1.3472595214843797,0.0670623779296875,-0.351179867672171,-0.6057543657500439,-0.331233323739695,0.04389495849609364,-0.931640625,0.30913085937499984,0.029607586892512285,-0.19674278321592303,0.15626486517559085,0.33003461427235403,0.22761728377520574,0.13454162576105166,0.21245354187065754,0.2554681414265008,0.23281420978148987,False
156,13.74199981689454,0.805492234980676,0.515487670898438,-0.468521118164062,0.389175415039062,0.126420789578279,0.506892499764123,0.184590619372226,-0.324874877929688,-1.18408203125,-0.0543670654296875,-0.4006856354917629,-0.37284494945607394,-0.284811762778524,0.12098999023437504,-0.9026748657226561,0.27272644042968736,-0.05123727526552879,0.02820162425822683,-0.006888026474991859,0.22643024879822438,0.2143816443230236,0.13043363295894686,0.1493935694066532,0.23737122902304486,0.13161435842183294,False
157,14.450999832153352,0.6816556603026053,0.669723510742188,-0.343994140625,0.603668212890625,0.448421999083106,0.311535252736924,0.636674198638082,-0.443695068359375,-1.339599609375,-0.194610595703125,-0.47165994380681003,-0.765580516461733,-0.204914533231166,0.21590270996093777,-0.9315414428710932,0.0518524169921875,-0.023299570271328795,-0.05301938277217716,0.0935118683036721,0.29444716973862917,0.3530721772445261,0.2312565219762412,0.2784506221793325,0.34006468460024664,0.2756377057292381,False
158,13.159999847412099,1.8724445165742407e-15,0.183624267578125,-0.7339935302734379,0.14402770996093803,0.237817888499095,0.187431146990905,0.46614187402816604,-0.561065673828125,-1.18896484375,-0.0970001220703125,-0.186435657375433,-0.620541834018818,-0.236910549515705,-0.08708648681640634,-1.0175460815429682,0.016719055175781306,-0.01014589806809671,-0.04397422244583186,-0.014064420032817437,0.2163590570224611,0.12644936031285128,0.08408694541820852,0.13553014442103775,0.28586702499436406,0.233969897108203,False
159,9.650999784469594,3.96360771269955,0.156005859375,-0.9547119140625,-0.0281219482421875,0.0624556549362113,0.180645945165601,-0.00241815026979195,0.00067138671875,-1.1160583496093799,-0.147735595703125,-0.136303247751346,-0.0546563213678052,-0.136940275884092,0.089105224609375,-1.0389129638671883,-0.08025665283203125,-0.009043828745800142,0.04398173256010606,-0.05415652592603,0.05408922036292623,0.05556310585409513,0.04225465530649138,0.06427528844339883,0.06547363084596357,0.04115674911298826,False
160,5.01300005912781,1.315193718251997,0.268722534179688,-0.8196868896484379,0.452056884765625,0.0426585143408892,0.242506916230397,0.0190706302499484,0.087554931640625,-1.02963256835938,0.0113372802734375,-0.0242211837981617,-0.00666109851850619,-0.147767623611919,0.159478759765625,-0.9388214111328128,0.23165283203125003,0.004965703536950835,0.07229616832210857,-0.027537431882361074,0.0590754038488879,0.06642341867109038,0.17144024554365545,0.018445229813512487,0.07981218996729404,0.04526279735780643,False
161,1.26999998092651,0.0,0.544418334960938,-0.805145263671875,0.396530151367188,0.0227394009676416,0.630526024945525,-0.063017315610109,0.308074951171875,-0.944000244140625,0.290023803710938,-0.130126045602907,0.265049775909591,-0.262049458625508,0.4382904052734376,-0.8909622192382812,0.34502410888671897,-0.04126706593454467,0.511785312582038,-0.1593296842212758,0.07723526347569372,0.03644756703838461,0.03522216998798969,0.042742376933264964,0.11159462272944314,0.06021151961737167,False
162,1.26999998092651,0.0,0.392471313476562,-0.735595703125,0.589828491210938,0.0463941304019434,0.4922693485346071,0.0913200600949261,0.098236083984375,-0.921478271484375,0.334060668945312,-0.0578350704449238,-0.0354021993187503,-0.19713757021591702,0.2065261840820313,-0.8660308837890625,0.47146606445312483,-0.00776708268760519,0.2258666068964225,-0.07135239729500634,0.10358997151534398,0.055762948955884545,0.07267102983621171,0.036009368821157024,0.17214949799102655,0.09020247068360486,False
163,1.26999998092651,0.0,0.091888427734375,-0.8855743408203121,0.43267822265625,0.04849856029532401,0.107192233875689,0.0430113831853247,-0.23663330078125,-1.1090087890625,0.0880584716796875,-0.12599202064277698,-0.0851178242322406,-0.154306749352499,0.02577056884765625,-0.9707107543945312,0.1862548828125001,-0.018679917886422905,0.0233093973357512,-0.007395039083321109,0.09686548975364863,0.056778387295696744,0.10701387092979164,0.06130444355856659,0.05410318735359093,0.057222498729907326,False
164,3.5039999723434434,2.7831804043175943,0.0994110107421875,-0.9037322998046879,0.21356201171875,7.0041136669084e-05,0.0361849023631246,0.0331313218572398,-0.0583038330078125,-1.06455993652344,-0.011932373046875,-0.11934903161968302,-0.12686766800919502,-0.06631324377519099,0.04091339111328125,-0.9868270874023441,0.11208801269531261,-0.028212782903194216,-0.027687181430456224,-0.007894142103212867,0.05423678472363974,0.05798810618513255,0.06518507015515916,0.037034577634397284,0.0501471371376498,0.03564679289383235,False
165,3.8499999046325692,4.681111291435602e-16,0.118087768554688,-0.91802978515625,0.22886657714843803,0.00372096867505871,0.0130473588125162,0.0639060124658684,0.025177001953125,-1.00325012207031,0.116622924804688,-0.0475360938773694,-0.0509223032034051,-0.031391212400982,0.07360534667968759,-0.9613189697265623,0.1744308471679686,-0.02191800219262844,-0.016982525534049983,0.004830628006462033,0.02964273460176931,0.029009104183362566,0.03572662272429574,0.01909024127693562,0.018203155058940657,0.03143342002723164,False
166,3.8499999046325692,4.681111291435602e-16,0.090362548828125,-0.9129486083984379,0.329605102539062,-0.00525707999181642,0.00109722236911265,0.0031100395209945303,0.063720703125,-0.9770050048828121,0.17893981933593803,-0.0266622372533283,-0.0126870331170285,-0.0043215115008715796,0.08577880859375,-0.9365341186523437,0.2803512573242188,-0.013344034957951032,-0.005338253141842034,-0.000549330238050646,0.008231312395569141,0.019140501911282026,0.050398071452066345,0.005329973230835347,0.00433542767592604,0.002952248051025008,False
167,3.8499999046325692,4.681111291435602e-16,0.0959625244140625,-0.9261016845703121,0.31427001953125,-0.0106859338739429,0.00010359696640408199,0.00738787517998881,0.0802001953125,-0.9341583251953121,0.297378540039062,-0.0159563296712098,-0.0137565586108043,-0.00548318236836414,0.0884552001953125,-0.9288726806640625,0.3074584960937499,-0.012915212759226469,-0.004170883109616698,-0.00012146677731851479,0.004566574859696972,0.002688812428255036,0.006092431069688016,0.0017272871513502764,0.004141606806556743,0.003389626520117704,False
168,3.8499999046325692,4.681111291435602e-16,0.09710693359375,-0.9176483154296879,0.342208862304688,-0.0105767442692497,-0.0041872881819315895,0.00946807030744971,0.0765380859375,-0.9352569580078121,0.291717529296875,-0.0170623404719197,-0.0147850714237929,-0.00756098065084396,0.08914947509765625,-0.926947021484375,0.3085556030273438,-0.01382185932073306,-0.008738737011320611,0.001373738385095574,0.006509726209585079,0.006325725426210823,0.018677249879802776,0.002009450782599749,0.0027424522156941364,0.005003482218597481,False
169,3.8499999046325692,4.681111291435602e-16,0.098663330078125,-0.9200897216796879,0.31658935546875,-0.00866965461264395,-0.0009470200836321769,0.00633033391111835,0.0714263916015625,-0.9373931884765621,0.272628784179688,-0.0191851461768218,-0.00948964191227935,-0.00444721270432332,0.084100341796875,-0.9299026489257811,0.2956863403320311,-0.013446380238642775,-0.005763160493764175,-0.001082388561840905,0.00894732853744451,0.0059166749005667785,0.01690791256434261,0.003150200554514063,0.002978711560621992,0.0035943630865517425,False
170,3.8499999046325692,4.681111291435602e-16,0.0927581787109375,-0.9207305908203121,0.3189697265625,-0.00654818048828683,-0.0031143005787386603,0.00737455937453842,0.0707550048828125,-0.93536376953125,0.2950439453125,-0.0203777097129593,-0.0136953059057325,-0.00224158268951969,0.08505401611328126,-0.9280761718749998,0.3061737060546876,-0.012240740581553002,-0.008536070452365582,0.002668860254812008,0.006905075347396395,0.0038150580341559047,0.008189424295514069,0.00386486207033986,0.0033694168057089363,0.0027735756976742573,False
171,3.8499999046325692,4.681111291435602e-16,0.09405517578125,-0.924774169921875,0.307022094726562,-0.0116840866505046,-0.00202346979624221,0.00197073920665864,0.0792236328125,-0.9391937255859379,0.269943237304688,-0.0192384093986234,-0.0115759623102474,-0.0033459955935755603,0.08455352783203125,-0.9328720092773437,0.2844436645507812,-0.015046141105453359,-0.0053272010233182,-0.0006734069132374368,0.004436388066442113,0.00476506056378747,0.012614648142364997,0.002443300095986909,0.0027592653643775684,0.0017565720125817788,False
172,3.8499999046325692,4.681111291435602e-16,0.087310791015625,-0.921600341796875,0.31829833984375,-0.00967446529193085,-0.0009733853784239619,0.00311589847539271,0.0781707763671875,-0.9368133544921879,0.290206909179688,-0.0149302137032022,-0.00631888231843101,-0.0011973572260996301,0.08226776123046875,-0.9294448852539062,0.30102996826171896,-0.012595393743918845,-0.003534680556807669,0.0002000300294758511,0.002585675733243654,0.00407966775779823,0.007290480047413944,0.0015576898877001802,0.0013509301437385549,0.0013429945427215963,False
173,3.8499999046325692,4.681111291435602e-16,0.0872650146484375,-0.926055908203125,0.302276611328125,-0.0117812920302925,-0.0020168118935170102,0.0020253340090052602,0.0795135498046875,-0.9320831298828121,0.297042846679688,-0.0170370404415639,-0.007355650930798859,-0.0022551648110791,0.08260955810546874,-0.9295913696289062,0.3000701904296876,-0.01333444757802674,-0.004061853294588856,-0.0005525260313587398,0.0021692831285989944,0.001756581269680904,0.0016762026533847134,0.0014327679501144994,0.0014611176264099882,0.0013537133219757285,False
174,3.8499999046325692,4.681111291435602e-16,0.085479736328125,-0.9254608154296879,0.304214477539062,-0.0117213709057658,-0.00204450876885383,0.00200083292697653,0.0792999267578125,-0.9332427978515621,0.295730590820312,-0.0159802981210205,-0.00522831785204356,-0.00122185830812835,0.0820220947265625,-0.9299758911132813,0.3004470825195311,-0.01387080822156873,-0.003420031471879758,8.005462236778279e-05,0.00194759646077116,0.002426999820075916,0.0024677911861861325,0.001334723614887933,0.0008737737154311079,0.0012067126390382784,False
175,3.8499999046325692,4.681111291435602e-16,0.0906524658203125,-0.8662872314453121,0.486053466796875,0.0105487810778039,0.0011606056030565302,0.0587770305224848,0.048065185546875,-0.933319091796875,0.297805786132812,-0.0148982557701213,-0.105212173605215,-0.00655190891381294,0.07499542236328124,-0.9054901123046875,0.39410705566406223,-0.010615439999888539,-0.0291811881703797,0.012654569183340408,0.013634100549987142,0.024399006545640704,0.08323550529497063,0.007620389661407684,0.041650053149202934,0.02119372783207235,False
176,3.8499999046325692,4.681111291435602e-16,0.0317535400390625,-0.880767822265625,0.47021484375,0.0713815056457208,-0.175463433684307,0.310690498039151,-0.315200805664062,-0.973602294921875,0.353973388671875,-0.0706858879689922,-0.706723857422654,0.0750303026552384,-0.13014068603515624,-0.90682373046875,0.4065658569335936,-0.010682365238082242,-0.4096507411957401,0.15149722092890916,0.09937436830923725,0.029040608515747815,0.03430407464622546,0.04040161018768505,0.17406471609582408,0.07062307570047742,False
177,2.169999933242796,1.44591375796034,0.078887939453125,-0.8713531494140621,0.517166137695312,0.0557713869162214,-0.0643414393040964,0.16543077322576002,-0.22996520996093803,-0.9354705810546879,0.345458984375,-0.0843375180328473,-0.633981476459903,-0.0198892859690388,-0.09615020751953125,-0.8911331176757813,0.42453765869140625,-0.01272873821969912,-0.3578432032459926,0.09611268479263266,0.09931844334173516,0.01821830268256301,0.0493785862998852,0.0397887336791077,0.1820196273083424,0.0671721974296133,False
178,1.0499999523162802,2.340555645717801e-16,0.104156494140625,-0.8448333740234379,0.476959228515625,0.0249098772560562,0.0557359668737233,0.0538605688340895,-0.0643463134765625,-0.9280242919921879,0.371322631835938,-0.10255859989506001,-0.132054706864342,-0.0722635445987551,0.04026031494140625,-0.8894744873046875,0.42460784912109395,-0.01957322201086812,-0.017000288818520837,-0.010818665822672506,0.05277781710953059,0.027363360653917167,0.03376123349473911,0.042011248492987346,0.0664354171425285,0.0464568445139248,False
179,1.0499999523162802,2.340555645717801e-16,0.20884704589843803,-0.840850830078125,0.414825439453125,0.0763096852429125,0.0985675866854677,0.10112049290641802,-0.0310211181640625,-0.9547271728515621,0.265869140625,-0.0873687279855755,-0.118107465919488,-0.0839425712431886,0.079974365234375,-0.8996902465820312,0.3529739379882813,-0.004391153163377161,-0.014650501893911178,0.0015921708577038972,0.07758792667536123,0.03359798438131711,0.04233983161536735,0.049207198828596505,0.07469709991155313,0.05620403668824146,False
180,1.0499999523162802,2.340555645717801e-16,0.143341064453125,-0.7806243896484379,0.38739013671875,0.12685701536483399,0.12566897920255,0.13651496905800697,-0.079010009765625,-1.06072998046875,0.19071960449218803,-0.033878604859116,-0.149742091244103,-0.20639205500394198,0.04242401123046875,-0.9439559936523437,0.2921386718750001,0.0001389104824584899,-0.012978542729948537,-0.0016710270575810721,0.083328358385602,0.07563882736062905,0.05322148149692914,0.04858494279706271,0.08517350240733676,0.09991599519599327,False
181,1.0499999523162802,2.340555645717801e-16,0.1949462890625,-0.908233642578125,0.292129516601562,0.0583187004988822,0.121786090333215,0.0829643921748025,-0.004119873046875,-1.06808471679688,0.1707763671875,-0.0821630470027976,-0.0899852837565784,-0.0768566985308148,0.12188415527343754,-0.9634078979492186,0.21714935302734384,-0.015808018230103228,-0.008831388385644411,0.006364848478845765,0.06289736267063004,0.04904761596782671,0.04132767358292783,0.04411963550748914,0.07561265711841526,0.059486083337938936,False
182,1.0499999523162802,2.340555645717801e-16,0.128753662109375,-0.92181396484375,0.3128662109375,0.0674490819801098,0.0671377584486796,0.13736531639406901,-0.1121826171875,-1.06333923339844,0.145172119140625,-0.0913946286054483,-0.21506197593269502,-0.10275008117743699,0.02938995361328125,-1.0027297973632825,0.2177200317382813,-0.008782599274474208,-0.020686609767797626,-0.007606653863538826,0.08421820162774189,0.049060390152056564,0.048568931587409006,0.04727517423396715,0.07924817612105364,0.07481700425710085,False
183,1.0499999523162802,2.340555645717801e-16,0.116378784179688,-0.7195892333984379,0.26544189453125,0.0590143181756109,0.0614545726824505,0.125959263761369,-0.00494384765625,-1.0643310546875,0.149200439453125,-0.19175825113006498,-0.0436135239077917,-0.0381636310530535,0.0655517578125001,-0.9428649902343755,0.20010528564453098,-0.007003101665694124,-0.0032500685311109044,0.01187828435719324,0.04264433509906811,0.09725468890906541,0.04120492171246162,0.07342286383873509,0.03445095183839309,0.04687140170137804,False
184,1.04999995231628,0.0,0.109542846679688,-0.9225616455078121,0.21543884277343803,0.0486636762829089,-0.00322455544786794,0.129741485141499,0.0050048828125,-0.9724273681640621,0.123489379882812,-0.0434289668442492,-0.0896481275625743,-0.0249298509642317,0.05269949776785721,-0.9463958740234373,0.16871425083705344,0.007870059517926872,-0.03104435469157839,0.04143840611004863,0.034107001213268595,0.016116303343535813,0.04029618971806559,0.027831352937191134,0.029866582408550193,0.0628020535060732,False
